y_true,y_pred
156.27751,140.7558970129117
183.694985,172.42549524738226
123.330792,132.1304300481369
151.818209,139.10497820692896
129.480289,142.47618550456218
121.154322,129.10295027111113
139.293116,134.71470981895848
176.472466,159.04244439005242
183.243903,166.09891712517125
170.796794,165.70595262936666
149.953225,166.25821603982692
141.932392,132.12279897301073
119.620279,139.16091023173905
143.476193,161.28200526863338
189.77568,193.1726841928756
130.668063,125.3914453546555
160.716911,134.8173432554982
135.598247,140.60978819302088
139.17006,146.8456924632155
149.924119,123.22684347123305
162.864843,146.39602055323078
165.512334,168.88412889290848
141.977017,131.50074071522403
126.290682,125.01519542695772
147.233426,131.21711245195613
155.631983,155.5101326495595
149.268617,125.12081353459068
145.222828,131.42661506899563
141.669636,147.00535928562843
119.664683,131.3231086524351
159.589876,150.79948121452944
131.270653,120.2107502403506
153.628101,170.47063754650256
131.832096,121.10605540351133
127.350213,129.9207846178675
152.936717,145.46728672023812
208.649234,203.99259884759513
130.962653,164.45864363426998
161.638,153.09179844251878
133.415175,148.13428075766566
157.866639,141.31367596815522
133.1524,129.03223626810848
129.242533,147.41281529974344
119.47747,124.10456257054011
148.335177,131.98050383786503
126.902781,130.2703254392761
124.012869,138.0623901136489
136.78526,134.67992998460034
155.407423,150.28153147886403
156.473576,163.60643558753668
123.259631,121.89342392015632
134.103334,130.8753903666905
200.898625,188.70031231982185
157.178878,163.678665926738
118.917863,125.34319063035684
166.557122,174.68332812835808
122.633904,122.94652568192141
139.641015,161.5545473285177
157.089904,147.14027470282485
141.137948,138.41361640701305
140.149032,131.75856315803406
148.880739,132.4253625064165
118.615149,133.4772399241028
194.38275,204.68459703853677
126.998558,138.31324716984815
143.154096,142.35914073997105
151.829354,147.61466726704606
115.562179,125.28612673708605
143.052677,137.03987357809106
176.139532,174.285521140849
146.723595,132.49683371529903
144.581428,163.43011060963795
142.905141,166.74664210678034
149.994928,156.3301988612283
165.295584,160.72846998652653
156.65485,140.991256298988
127.829153,137.27817267143064
126.645387,133.87446897216336
165.813264,161.85948761392604
130.193525,119.69986010629242
189.351137,168.54078746280692
172.812894,145.89633691207212
121.660846,132.90738361287697
140.94746,141.48123399119012
137.547889,126.60452785716956
149.56439,137.78413914447103
141.316391,167.31852113793525
118.277004,126.52705515530288
189.224741,171.92323591542498
130.981489,138.46055215477998
172.74858,164.1854343753344
124.20688,138.72512181763696
168.008939,162.93421520555435
144.968281,122.40055107196505
179.01803,159.15249383687504
152.160081,145.89871894669872
106.808221,124.25312379498031
169.849593,152.18096344099573
113.591624,130.60202892578116
127.234348,141.33676946707598
160.430043,149.1586808804173
166.298141,168.32944488768086
129.687754,126.33424994035263
197.070001,177.83178679740976
193.317114,190.39613304315282
167.00117,144.83888164690754
141.788244,128.58904507531219
169.085419,163.83926189315773
110.674359,129.80173737634792
154.011252,143.2878764762372
107.774698,119.49840918639092
173.632595,174.10156171623333
132.750505,122.844745940959
103.056664,120.64939318175273
167.175082,160.25316454082818
111.858898,127.9902176901875
137.279064,128.8436918867184
140.570607,140.95282714493004
162.084136,154.19389093440515
125.460151,124.39005737165526
143.222524,122.98426606179162
161.996094,155.9510563313392
183.667784,167.90195442081674
122.203993,131.74868769478124
199.153574,176.57153275617827
143.670765,139.34121767020505
186.291265,164.1686145647965
173.98285,148.90205189504178
147.096345,152.3781814537337
135.570787,132.07522833541253
119.369428,145.35801978842616
153.805134,160.88510209850824
126.659811,125.235260600508
140.48468,161.05597557108487
170.552982,155.18511870512066
107.402665,122.14556436600463
177.747334,162.53515443166597
160.427317,155.6425139400938
136.23766,140.5881409342361
151.026066,169.03423277987727
124.267774,131.46414448269786
105.036435,139.73618847954657
133.161928,133.881489313046
144.932831,162.0697475860778
114.748879,119.14685084085242
101.212102,119.80756085237573
201.412845,177.53421422786005
139.8981,144.58773869524597
145.242497,136.8957464636942
134.304233,139.1980544597336
97.696023,127.87788395197401
145.542835,153.07250703840194
139.479896,137.50853668307474
182.597302,175.81797591237805
165.669346,159.85295768625085
175.713608,161.46171991275787
160.005412,146.13734453399042
119.995948,129.58709336800962
167.457299,172.50933926950574
150.308825,165.62922547273024
141.829802,142.87016348726854
138.402256,141.60244311825642
133.889569,149.3958514044646
136.016116,143.03498192999479
117.706484,118.9121719693696
154.76783,126.62099825059691
126.325033,143.86189973633628
147.4346,163.32492575090296
143.531153,142.2442893248469
128.336768,134.47047056809583
151.094723,160.1983209807485
156.576933,138.4971850504367
114.53955,129.6627429560465
137.454573,135.7221943182474
131.433467,140.4084040377681
134.529605,163.30321179289842
124.553371,132.64290288365078
161.007746,146.36993354868014
155.335062,140.54884520769323
135.693147,131.2318385006431
174.549441,161.1243309220548
112.989085,115.59299356529257
193.324715,198.9105461944664
183.682726,181.30927719630893
135.109444,126.5051960563367
116.852433,121.30577449839463
167.916254,171.2569769109859
139.267142,141.38305162656573
152.7288,146.37528393322714
148.304555,138.5192597964002
109.220306,131.4096604335655
112.538102,118.99268960292936
134.468527,121.55390138990339
185.812781,170.6221383509453
157.856567,167.65861424328727
174.226941,165.82487584896845
164.707407,170.18457980331175
150.087325,163.7048729209066
143.091883,140.98525799290042
129.746433,127.6521633524975
151.688584,162.89804838142072
114.302566,145.38812466339485
139.410331,129.04622467195298
139.839053,135.89739550061068
147.756514,171.22875823255737
156.933124,145.73577570200166
155.260785,154.5321467747508
157.519873,154.80290394857968
145.983842,128.83743286332245
127.011051,131.71503014969775
122.86288,124.62748292790715
171.422696,161.3558461049143
170.583356,160.4845384125756
186.790711,163.29294307047164
143.454496,155.07904792581832
157.465107,156.57732887562616
135.355501,129.5710691571218
175.583068,161.07095559397595
147.358452,150.08709538863351
154.822658,147.1692042685165
142.301879,152.38693511390318
125.094309,168.08946720856355
125.253119,131.93124169846502
223.773217,193.61574184653495
160.71384,168.7094550837436
144.634853,147.14829924488336
94.875245,125.80415509849799
116.732918,133.69573984079244
106.954368,127.1124979792152
121.350452,128.8580531948619
126.977766,119.67433714668623
166.830316,166.82427764285256
137.631178,139.5524735046718
139.212763,138.0021786686748
153.919648,159.48254200301537
168.487767,155.84677577089738
166.479026,157.16466851847434
137.995639,135.03495292321858
172.138874,156.901611930833
124.29625,122.21264092044676
134.739378,150.8965511076342
162.445245,153.47930033258115
141.405749,158.89072209187282
123.531393,142.3286687074313
161.147532,159.71386298880435
131.948402,129.97494388693016
151.041177,149.5040133214364
158.945167,127.82624107854687
160.585395,160.78209391420296
134.198625,137.84730197234472
110.68118,129.77217884734432
128.661142,146.4315645482274
139.845247,128.03884375276948
123.318123,140.38376853896662
119.814917,119.39231736612365
137.021914,133.09901476627027
142.364009,141.84434299702843
123.484187,141.65351333354474
143.908357,137.26306800132423
166.197665,169.56534282716297
139.111444,127.23460149494254
125.943393,121.96942081383011
134.615772,146.16318671422476
164.715736,138.02586047014688
140.739064,155.07018628695099
145.075279,163.78234926162884
151.798498,170.1654401128936
164.852885,143.3355374399942
150.579586,141.8488721785916
107.806693,138.80912765891708
132.123547,136.6446991900545
93.963404,133.9545821313089
177.81446,158.11544707103482
141.442237,175.5316593980577
170.113589,168.32045220396725
158.525099,175.26000243057004
129.417982,168.88762983639674
129.68708,125.57212216484133
134.163869,124.45041440052024
160.106154,151.1509739495841
170.691275,164.93871031761796
113.792679,127.52504871172303
142.648624,137.25084599442374
111.202692,118.8635843346331
196.456808,175.80760218435563
134.690669,168.94849761306986
173.404608,172.15126497963783
124.763049,124.8293770200637
162.447747,158.56602972425435
140.522184,129.41768947575844
108.146926,133.917541337887
155.222482,158.66379111540442
145.14254,133.66729579770796
176.808131,172.8171837390302
127.389307,139.61723096175328
139.362192,135.058037916395
134.861248,131.11345878428395
143.801336,153.059332919663
205.849381,167.78343343574358
172.945798,171.9224471709551
125.860684,135.51403845315534
163.016338,176.9333980996817
127.823866,126.49514068165391
138.844458,138.51034642644123
147.979824,143.9012187229367
170.651731,177.3566263411555
191.240296,192.54732151067765
154.021642,158.0157483043516
147.792744,152.99870376609888
216.532801,193.47708734063463
111.578597,131.16243250310475
142.179322,131.63249773830148
178.725791,157.79163795783026
144.371266,144.24321324116988
114.609569,127.93990521469539
171.095287,174.86189371177778
153.707065,137.37216155744852
142.038459,130.8596354319613
159.729596,167.6396007507623
122.179398,142.69437491685372
187.859592,162.70153981020766
118.540631,128.83328955151435
125.974779,141.31339993170238
165.653511,175.78203519421186
104.50471,124.71641238671833
189.072061,184.3625716575377
154.081179,152.27458358189043
136.491172,135.2111081437736
113.519252,120.91416730571132
124.980555,140.4088067571997
192.431917,158.61060139510542
115.203741,130.36986170437595
150.161845,158.87359668056655
166.644316,203.48842989008412
155.775204,136.8679955084821
123.64581,135.5431114173604
179.052023,172.16897551227464
126.998285,139.57518170664684
143.770295,119.27625410591435
153.099936,132.18930486938427
138.586693,137.30091072369837
124.048421,128.022066527011
143.001109,145.67313518538853
135.564724,137.72561484330194
165.424542,164.17363949329155
116.458741,131.83078576637044
160.820291,160.33675007204005
127.021477,126.45397387422267
130.976741,134.34675981516722
109.779947,122.54960490779021
133.583156,134.02729230381343
127.138594,130.72267282233545
110.844249,116.87673742007888
129.391394,133.36291629297227
136.664964,140.87636748379356
141.053611,149.53848929641615
225.413883,189.85375409447818
181.935862,161.37256980691936
155.87706,169.4463955189728
124.521861,129.6570457195297
111.612226,118.24096991910612
149.672141,124.66708682607576
113.386421,130.82850142994744
138.478522,132.9879292429798
191.454009,161.45882397842408
151.759356,157.57655467025097
144.582415,135.88770502001924
199.194383,189.21196540360302
157.778394,160.11620143751773
137.648167,135.80706922199712
149.416933,158.5965140912338
134.688036,119.69496022082782
156.637781,168.20418102168418
169.47359,173.0043787905731
177.087355,163.94922783260145
138.489522,144.58457345645786
150.998391,152.59228703949444
143.872059,164.46288788519473
134.544962,149.40308386159955
158.162906,142.10238194370532
168.742864,162.006222579927
96.901254,110.61599848845074
154.414356,157.54081600336983
136.760414,144.2589396164803
178.235323,171.20635910036276
159.040022,161.13740742032675
144.319948,150.37811377035067
135.396008,139.73947610755667
172.821716,159.7368362194883
128.43221,112.22447700097294
148.347794,149.60047135418677
121.580693,120.87134772363203
173.999294,156.1592659699961
129.701953,132.11488487424774
118.781653,124.5582965004963
131.922512,142.41216950379777
151.566632,152.64368997041586
132.844566,120.27511099423731
151.081775,142.07695528726975
134.174545,129.24635677611167
141.482493,135.5382511574658
192.598321,185.59178586496418
159.052446,139.76500221706175
185.751791,174.6876166841062
152.629763,149.02039351764145
192.69365,165.69928901831912
173.589992,147.32309805430458
153.041636,157.04950427167722
112.790986,133.72874318890825
187.923029,179.01051600361455
142.986507,140.24182512649705
110.963916,132.88516601542452
141.641479,135.8354275602074
165.210453,137.47118780440712
98.2832,118.18382366193865
134.240011,134.3671016119416
148.711613,141.06494305313095
158.814774,158.17339734808604
147.160487,140.71878589750534
147.82961,155.94541377986386
180.471157,172.4933029740703
158.298771,159.8343850494407
122.3204,131.72530604328495
130.818441,138.95879609921911
168.703519,161.7230591633422
194.675283,176.5988300098906
141.057172,129.74199840435327
153.42246,139.6618233004111
131.985854,138.0362703463905
139.363503,142.4009483014239
129.121245,129.79755893013876
112.029962,127.26159651091609
121.124012,132.298309365843
147.165366,145.5814902562832
135.911341,130.8970807708436
144.784022,155.6246707780872
154.843412,141.95515186435824
130.773201,125.92634569836885
124.487692,134.13388238160388
128.852944,133.3655000845165
130.158219,135.12790735092418
121.482374,136.70492546324152
164.313743,163.9414729466989
118.476468,126.2256889034915
136.948025,147.8934380306766
130.480645,130.15410220592318
121.54532,126.40591283785142
128.414645,137.31469861493412
152.265469,139.80573305204553
139.712011,127.2104185965619
170.648613,149.15514828527856
133.126537,141.85908857061565
135.045494,132.83057670184454
203.732706,168.84267136052375
106.693541,119.37050656402462
136.642434,131.6960062757961
179.194086,166.4376559568977
185.402319,174.21882365673378
152.297587,160.33497824927636
150.426067,152.05314857000167
203.028468,163.9617194910694
116.771074,120.99846960034643
125.65067,120.63809114940224
119.708128,142.6835275703054
140.524346,151.0884682281779
124.615442,145.57348248169657
173.436245,159.20004860560385
130.719169,134.76082564411496
106.175706,141.84260736237235
131.682477,123.62112989672595
179.727125,159.87394350693805
122.745037,138.78861246642018
142.905385,131.8612575953889
107.401397,127.0617775709702
162.95255,155.66156198320772
127.387591,148.361922050603
194.0406,177.02304391319146
151.330618,145.33461921088548
127.706965,121.57575643159429
125.244514,137.6576350297227
139.536733,151.55911236826188
105.020449,125.12033530592234
107.224936,124.32195831688774
166.190016,160.62611857023904
134.959825,136.69845119893193
155.771214,170.48337147425437
132.029839,128.03116689744908
136.116076,155.18065086245753
136.519059,139.56075729039625
167.776543,151.01884502207895
113.51782,136.79479870588324
140.841682,138.15000265184
173.206038,156.86813598339208
198.836413,167.6894187791231
133.667597,129.89077678660283
137.741162,133.91906407709135
148.116188,130.38277565764352
127.845275,138.95309825603954
170.199875,178.64409415252146
167.415438,164.23227609135148
175.249614,181.6778753324201
184.516947,159.02179445149727
119.449952,129.54915199223007
122.523003,130.29363657220466
172.114066,141.63245541387963
137.019615,159.3639673303677
125.55018,111.85780258834863
116.601689,128.54173572302435
176.233289,151.36726006218265
110.775019,129.64887587023867
105.219867,121.67342047176321
153.192398,155.8925033342637
139.154641,131.7851048327479
123.618484,127.39138908073296
167.940216,157.93323503435514
123.690005,126.06726443778683
185.112735,173.67294826721675
144.218166,130.98927312268322
136.551085,153.1585474701294
157.125423,162.08005274753205
171.519427,156.54969188513226
168.35803,169.80500260718196
151.593998,145.25575183246102
133.307825,139.56702531196797
176.292889,164.22375579065348
133.415695,137.6703918585685
120.251302,135.3659374899403
187.278995,180.79383472537353
142.030621,156.48590104304623
100.724212,118.67106500989941
127.782479,124.33733395059885
131.431771,122.1696358363448
185.868657,174.90415002458423
122.407017,121.01408520700687
168.857642,157.19499182318012
155.038059,144.53955671341217
127.871087,130.36983457685417
157.950292,134.51378708876155
115.425838,125.87110585325041
119.815317,129.3489382520865
183.255159,164.20750196358242
153.60066,158.45715301867043
138.325289,125.76842585018427
106.886748,131.75973367165997
157.725541,139.5680721894561
186.31524,159.9494226144531
140.247781,132.27238827218736
161.752058,154.23782097140577
133.307227,126.21739984225377
128.770996,128.54921012277882
114.226275,128.65654855952016
134.210808,140.47339108424362
147.916685,150.2312362374805
135.034564,141.54637946432993
131.568044,134.6113761154557
153.86082,148.0347810848276
129.499086,132.35144259514732
126.422264,127.80197194222156
139.432085,136.8656694026027
196.190354,187.96677355917134
