policy,life_all_med,life_late_med,life_weighted_med,slope_early_med,slope_late_med
3_6C-80PER_3_6C,17056.430040552215,9206.962690294664,14663.798175754338,5.576808268482437e-05,-2.156751595892145e-05
4_8C_80PER_4_8C_NEWSTRUCTURE,14293.44414189415,9375.143212459825,12291.436757407108,2.8326780812915636e-05,-2.153353513155523e-05
5_3C_54PER_4C_NEWSTRUCTURE,10063.570935357096,7246.159689968559,9149.047549236386,3.0284362831400744e-05,-2.7752725556065405e-05
5C_67PER_4C_NEWSTRUCTURE,11153.596720361833,6757.9522424433835,9091.418317279828,2.6077480799900088e-05,-2.987052535706802e-05
5_6C_36PER_4_3C_NEWSTRUCTURE,8362.306562138618,6557.156994345931,7868.987005655853,1.967719986515744e-05,-3.1254316366422855e-05
80PER_3_6C,7613.428180811376,5763.916475226094,7031.545223702529,2.8449324312277464e-05,-3.4911608371643866e-05
5_6C_19PER_4_6C_NEWSTRUCTURE,7150.531359583023,5994.834847640106,6824.583708577627,1.9015376011289677e-05,-3.362302629766584e-05
4_8C_80PER_4_8C,2989.76427605915,2001.9943684161256,2312.081292248969,3.7954818981716384e-05,-0.00010244777387945024
3_7C_31PER_5_9C_NEWSTRUCTURE,1055.8001826590155,1042.6135332018562,1049.5134159710044,-0.00015035539643495945,-0.00019301399124879782
