policy,n,C1,Q1,C2,life_linear_med,life_exp_med,life_med,life_min,life_max,slope_med,mean_chargetime,mean_IR,mean_Tavg
3_6C-80PER_3_6C,3,3.6,80.0,3.6,17056.430040552215,19161.99395566379,18109.211998108003,2737.476470424192,25820.387984620203,-1.1607988703155133e-05,13.382016722426933,0.016963461590074332,31.752995933808435
4_8C_80PER_4_8C_NEWSTRUCTURE,6,4.8,80.0,4.8,14293.44414189415,15922.130731828402,15107.787436861274,7446.878233971215,20801.007834843193,-1.4087687198880595e-05,11.157440477256417,0.015489941506886333,34.721179401072334
5C_67PER_4C_NEWSTRUCTURE,7,5.0,67.0,4.0,11153.596720361833,12408.314843629856,11780.955781995845,8061.975657145979,15328.850716753921,-1.7951603746619134e-05,10.158266146895128,0.015562712981337342,34.7732980623136
5_3C_54PER_4C_NEWSTRUCTURE,8,5.3,54.0,4.0,10063.570935357096,11198.690788103515,10631.130861730306,6561.554235387772,18945.368663826812,-1.9904749645840437e-05,10.155698951525862,0.015670989189316212,35.424470741532474
5_6C_36PER_4_3C_NEWSTRUCTURE,8,5.6,36.0,4.3,8362.306562138618,9290.30834549146,8826.307453815038,6112.520352349453,23654.916527309695,-2.415438793734143e-05,10.218896865903176,0.0158371515146454,35.93815053268253
80PER_3_6C,3,3.6,80.0,3.6,7613.428180811376,8467.921545596693,8040.674863204034,1305.769997386276,14406.62260592125,-2.6271911483390124e-05,14.080091772647199,0.0174083816269741,32.15987318909063
5_6C_19PER_4_6C_NEWSTRUCTURE,8,5.6,19.0,4.6,7150.531359583023,7936.4301690337,7543.480764308361,6220.811608014024,16417.529175166066,-2.8058816543377423e-05,10.248325419493163,0.015348074187812612,36.20706811600094
4_8C_80PER_4_8C,3,4.8,80.0,4.8,2989.76427605915,3298.053223050971,3143.9087495550602,2361.136214516887,4939.316854963476,-6.733893827926154e-05,13.103095505886401,0.017996215365257234,30.633618394498
3_7C_31PER_5_9C_NEWSTRUCTURE,3,3.7,31.0,5.9,1055.8001826590155,1156.481762051196,1106.1409723551058,1003.7385838126879,1409.6457841377273,-0.00019033387559314527,10.847335686134734,0.014451749938733433,36.45374600941623
