battery_id,policy,C1,Q1,C2,life_main,life_linear,life_exp,model
2,3_6C-80PER_3_6C,3.6,80.0,3.6,18994.843844387975,24260.812603234146,24269.11028375746,rf
5,80PER_3_6C,3.6,80.0,3.6,11621.686030827861,13609.905471765478,13612.021403877428,rf
9,4_8C_80PER_4_8C,4.8,80.0,4.8,2583.978573335042,2989.7642760592475,2992.8461119439835,rf
10,5C_67PER_4C_NEWSTRUCTURE,5.0,67.0,4.0,11199.990247269108,14489.136422601488,14492.275452665432,rf
11,5_3C_54PER_4C_NEWSTRUCTURE,5.3,54.0,4.0,10073.086153028717,10333.22689329384,10337.15238008955,rf
14,5_6C_19PER_4_6C_NEWSTRUCTURE,5.6,19.0,4.6,14895.49489904375,15525.07337614321,15527.916121838694,rf
16,3_7C_31PER_5_9C_NEWSTRUCTURE,3.7,31.0,5.9,1329.940933058661,1055.8001826590212,1060.5274671539469,rf
24,5_6C_36PER_4_3C_NEWSTRUCTURE,5.6,36.0,4.3,16769.885344926846,22350.878183827554,22352.56627268546,rf
25,4_8C_80PER_4_8C_NEWSTRUCTURE,4.8,80.0,4.8,13117.324605745984,13127.225126291843,13130.878479223646,rf
