battery_id,policy,life_ens,life_rf
2,3_6C-80PER_3_6C,,
5,80PER_3_6C,19327.540056003592,18409.75829112507
9,4_8C_80PER_4_8C,1664.7279465706924,1666.8117770968156
10,5C_67PER_4C_NEWSTRUCTURE,9630.97293705419,9617.922893048182
11,5_3C_54PER_4C_NEWSTRUCTURE,8460.512671894196,8461.879861226684
14,5_6C_19PER_4_6C_NEWSTRUCTURE,9697.680269153816,9699.047281671135
16,3_7C_31PER_5_9C_NEWSTRUCTURE,1181.4789708651763,1194.948713999724
24,5_6C_36PER_4_3C_NEWSTRUCTURE,16080.840629218912,15632.868147665658
25,4_8C_80PER_4_8C_NEWSTRUCTURE,7186.076776304787,7257.385502856224
