battery_id,policy,C1,Q1,C2,mean_chargetime,t12_model,t3_est
1,3_6C-80PER_3_6C,3.6,80.0,3.6,13.4086513554808,13.333333333333334,0.07531802214746541
2,3_6C-80PER_3_6C,3.6,80.0,3.6,13.3700453282399,13.333333333333334,0.0367119949065664
3,3_6C-80PER_3_6C,3.6,80.0,3.6,13.3673534835601,13.333333333333334,0.03402015022676608
4,80PER_3_6C,3.6,80.0,3.6,13.7314586052367,13.333333333333334,0.3981252719033659
5,80PER_3_6C,3.6,80.0,3.6,13.6804953856609,13.333333333333334,0.34716205232756536
6,80PER_3_6C,3.6,80.0,3.6,14.828321327044,13.333333333333334,1.4949879937106658
7,4_8C_80PER_4_8C,4.8,80.0,4.8,12.9231478085242,10.000000000000002,2.923147808524199
8,4_8C_80PER_4_8C,4.8,80.0,4.8,13.2409229226557,10.000000000000002,3.240922922655699
9,4_8C_80PER_4_8C,4.8,80.0,4.8,13.1452157864793,10.000000000000002,3.145215786479298
10,5C_67PER_4C_NEWSTRUCTURE,5.0,67.0,4.0,10.1554366633597,9.990000000000002,0.16543666335969753
11,5_3C_54PER_4C_NEWSTRUCTURE,5.3,54.0,4.0,10.1429989124294,10.013207547169813,0.129791365259587
12,5_6C_19PER_4_6C_NEWSTRUCTURE,5.6,19.0,4.6,10.1973217061611,9.992236024844722,0.20508568131637794
13,5_6C_36PER_4_3C_NEWSTRUCTURE,5.6,36.0,4.3,10.1874366906044,9.996677740863788,0.19075894974061214
14,5_6C_19PER_4_6C_NEWSTRUCTURE,5.6,19.0,4.6,10.2384849761222,9.992236024844722,0.2462489512774777
15,5_6C_36PER_4_3C_NEWSTRUCTURE,5.6,36.0,4.3,10.1995672108021,9.996677740863788,0.20288946993831125
16,3_7C_31PER_5_9C_NEWSTRUCTURE,3.7,31.0,5.9,10.8382723823823,10.010077874484654,0.8281945078976456
17,4_8C_80PER_4_8C_NEWSTRUCTURE,4.8,80.0,4.8,11.1726831852861,10.000000000000002,1.1726831852860986
18,5C_67PER_4C_NEWSTRUCTURE,5.0,67.0,4.0,10.182849490125,9.990000000000002,0.1928494901249973
19,5_3C_54PER_4C_NEWSTRUCTURE,5.3,54.0,4.0,10.2038060613359,10.013207547169813,0.19059851416608709
20,4_8C_80PER_4_8C_NEWSTRUCTURE,4.8,80.0,4.8,11.2108420194987,10.000000000000002,1.210842019498699
21,5_6C_19PER_4_6C_NEWSTRUCTURE,5.6,19.0,4.6,10.2959345772059,9.992236024844722,0.30369855236117793
22,5_6C_36PER_4_3C_NEWSTRUCTURE,5.6,36.0,4.3,10.2544309470103,9.996677740863788,0.2577532061465124
23,5_6C_19PER_4_6C_NEWSTRUCTURE,5.6,19.0,4.6,10.2880135787321,9.992236024844722,0.2957775538873779
24,5_6C_36PER_4_3C_NEWSTRUCTURE,5.6,36.0,4.3,10.2485632672112,9.996677740863788,0.25188552634741157
25,4_8C_80PER_4_8C_NEWSTRUCTURE,4.8,80.0,4.8,11.1423314253717,10.000000000000002,1.1423314253716974
26,5_3C_54PER_4C_NEWSTRUCTURE,5.3,54.0,4.0,10.156982147387,10.013207547169813,0.1437746002171867
27,5_6C_19PER_4_6C_NEWSTRUCTURE,5.6,19.0,4.6,10.2198757714701,9.992236024844722,0.22763974662537834
28,5_6C_36PER_4_3C_NEWSTRUCTURE,5.6,36.0,4.3,10.2056660384171,9.996677740863788,0.2089882975533115
29,5C_67PER_4C_NEWSTRUCTURE,5.0,67.0,4.0,10.1844151334154,9.990000000000002,0.19441513341539718
30,3_7C_31PER_5_9C_NEWSTRUCTURE,3.7,31.0,5.9,10.8033723951577,10.010077874484654,0.7932945206730455
31,5C_67PER_4C_NEWSTRUCTURE,5.0,67.0,4.0,10.1645542677994,9.990000000000002,0.17455426779939742
32,5_3C_54PER_4C_NEWSTRUCTURE,5.3,54.0,4.0,10.1516542560729,10.013207547169813,0.1384467089030874
33,5_6C_19PER_4_6C_NEWSTRUCTURE,5.6,19.0,4.6,10.2456923677378,9.992236024844722,0.2534563428930774
34,5_6C_36PER_4_3C_NEWSTRUCTURE,5.6,36.0,4.3,10.2173661484099,9.996677740863788,0.22068840754611152
35,3_7C_31PER_5_9C_NEWSTRUCTURE,3.7,31.0,5.9,10.9003622808642,10.010077874484654,0.8902844063795463
36,5_3C_54PER_4C_NEWSTRUCTURE,5.3,54.0,4.0,10.1718277480371,10.013207547169813,0.15862020086728634
37,5C_67PER_4C_NEWSTRUCTURE,5.0,67.0,4.0,10.1144099012732,9.990000000000002,0.12440990127319829
38,5_3C_54PER_4C_NEWSTRUCTURE,5.3,54.0,4.0,10.1409416436186,10.013207547169813,0.12773409644878697
39,5_6C_19PER_4_6C_NEWSTRUCTURE,5.6,19.0,4.6,10.2255189026251,9.992236024844722,0.23328287778037726
40,5_6C_36PER_4_3C_NEWSTRUCTURE,5.6,36.0,4.3,10.1933407266812,9.996677740863788,0.1966629858174116
41,4_8C_80PER_4_8C_NEWSTRUCTURE,4.8,80.0,4.8,11.1030957823375,10.000000000000002,1.1030957823374976
42,5C_67PER_4C_NEWSTRUCTURE,5.0,67.0,4.0,10.1268713745261,9.990000000000002,0.13687137452609832
43,5_3C_54PER_4C_NEWSTRUCTURE,5.3,54.0,4.0,10.1135283477634,10.013207547169813,0.10032080059358783
44,5_6C_19PER_4_6C_NEWSTRUCTURE,5.6,19.0,4.6,10.275761475891,9.992236024844722,0.2835254510462786
45,5_6C_36PER_4_3C_NEWSTRUCTURE,5.6,36.0,4.3,10.2448038980892,9.996677740863788,0.2481261572254123
46,4_8C_80PER_4_8C_NEWSTRUCTURE,4.8,80.0,4.8,11.1688661019703,10.000000000000002,1.1688661019702984
47,5C_67PER_4C_NEWSTRUCTURE,5.0,67.0,4.0,10.1793261977671,9.990000000000002,0.18932619776709814
48,5_3C_54PER_4C_NEWSTRUCTURE,5.3,54.0,4.0,10.1638524955626,10.013207547169813,0.1506449483927863
49,4_8C_80PER_4_8C_NEWSTRUCTURE,4.8,80.0,4.8,11.1468243490742,10.000000000000002,1.1468243490741976
