C1,Q1,C2,near_policy,t_ch,slope,life,w_t0.5
3.1,70.0,3.1,3_6C-80PER_3_6C,15.711510714367313,4.386412272604159e-05,4559.534935854593,0.8988990333137682
3.1,70.0,3.35,3_6C-80PER_3_6C,15.567071619518973,4.8713889667356576e-05,4105.605226059807,0.8922161024179968
3.1,70.0,3.6,3_6C-80PER_3_6C,15.442693510066237,5.4099863374551056e-05,3696.8670071370525,0.890182718214547
3.1,70.0,3.85,3_6C-80PER_3_6C,15.334468401841129,6.008132869558866e-05,3328.821188581413,0.8923967996232804
3.1,70.0,4.1,3_6C-80PER_3_6C,15.239441477545911,6.672412521332584e-05,2997.416591983388,0.8986189756508438
3.1,75.0,3.1,3_6C-80PER_3_6C,15.711510714367314,3.6029669026265326e-05,5550.98077237961,0.8747998546627689
3.1,75.0,3.35,3_6C-80PER_3_6C,15.639291166943144,4.033768172282935e-05,4958.143142044002,0.8772509906363882
3.1,75.0,3.6,3_6C-80PER_3_6C,15.577102112216776,4.5160796941712615e-05,4428.619810632055,0.8827866818905132
3.1,75.0,3.85,3_6C-80PER_3_6C,15.522989558104221,5.0560604707640736e-05,3955.648892185341,0.8913041603323052
3.1,75.0,4.1,3_6C-80PER_3_6C,15.475476095956614,5.660605927086987e-05,3533.1906614972986,0.902794584295962
3.35,70.0,3.1,3_6C-80PER_3_6C,14.70043705042894,3.704078495301702e-05,5399.453609141448,0.7267026714487325
3.35,70.0,3.35,3_6C-80PER_3_6C,14.555997955580601,4.113614040939891e-05,4861.9048362228805,0.7176991323971827
3.35,70.0,3.6,3_6C-80PER_3_6C,14.431619846127864,4.568429232609856e-05,4377.872345540172,0.7130885656893022
3.35,70.0,3.85,3_6C-80PER_3_6C,14.323394737902756,5.073530342335108e-05,3942.028262473136,0.7124405225103041
3.35,70.0,4.1,3_6C-80PER_3_6C,14.228367813607539,5.634477152640456e-05,3549.5751350464707,0.7154841276987383
3.35,75.0,3.1,3_6C-80PER_3_6C,14.628217503004773,3.071722487825289e-05,6511.00484476368,0.6964505480279344
3.35,75.0,3.35,3_6C-80PER_3_6C,14.555997955580603,3.4390036712362664e-05,5815.637874213238,0.696947773792857
3.35,75.0,3.6,3_6C-80PER_3_6C,14.493808900854235,3.8502001068298294e-05,5194.535204682534,0.7002959287680354
3.35,75.0,3.85,3_6C-80PER_3_6C,14.43969634674168,4.310562674480492e-05,4639.765504026779,0.7063643105469367
3.35,75.0,4.1,3_6C-80PER_3_6C,14.392182884594073,4.825970093778726e-05,4144.244496206573,0.7151128030866852
3.6,70.0,3.1,3_6C-80PER_3_6C,13.829790284259785,3.127885991257032e-05,6394.094943327016,0.5787723007858946
3.6,70.0,3.35,3_6C-80PER_3_6C,13.685351189411445,3.4737157294087236e-05,5757.523516008689,0.5678091386456703
3.6,70.0,3.6,3_6C-80PER_3_6C,13.560973079958709,3.857781582343487e-05,5184.326684418094,0.5610222862400794
3.6,70.0,3.85,3_6C-80PER_3_6C,13.4527479717336,4.2843110652585926e-05,4668.195118272263,0.5579573397976777
3.6,70.0,4.1,3_6C-80PER_3_6C,13.357721047438384,4.757999101843114e-05,4203.447619872935,0.558316820658687
3.6,75.0,3.1,3_6C-80PER_3_6C,13.695381682109247,2.618808137075368e-05,7637.061958397456,0.5430118193172845
3.6,75.0,3.35,3_6C-80PER_3_6C,13.623162134685078,2.9319350407991148e-05,6821.433531675003,0.5418432318539843
3.6,75.0,3.6,3_6C-80PER_3_6C,13.56097307995871,3.28250205189366e-05,6092.913175320667,0.5433263948482275
3.6,75.0,3.85,3_6C-80PER_3_6C,13.506860525846156,3.674985827022058e-05,5442.197859088493,0.5473067903931239
3.6,75.0,4.1,3_6C-80PER_3_6C,13.459347063698548,4.1143982898721204e-05,4860.978104436656,0.5537176393623043
3.85,70.0,3.1,3_6C-80PER_3_6C,13.072214526684029,2.641323823647833e-05,7571.960628583114,0.45050892645204454
3.85,70.0,3.35,3_6C-80PER_3_6C,12.92777543183569,2.9333575898590045e-05,6818.125437260899,0.43789097281240047
3.85,70.0,3.6,3_6C-80PER_3_6C,12.803397322382953,3.257679604805123e-05,6139.339169665342,0.4292663695180325
3.85,70.0,3.85,3_6C-80PER_3_6C,12.695172214157845,3.617859767336917e-05,5528.130244451645,0.4241604841837008
3.85,70.0,4.1,3_6C-80PER_3_6C,12.600145289862628,4.017862676491815e-05,4977.770922092077,0.42225337299133064
3.85,75.0,3.1,3_6C-80PER_3_6C,12.88369337042094,2.2326743662535634e-05,8957.8669878134,0.40974506832373436
3.85,75.0,3.35,3_6C-80PER_3_6C,12.811473822996769,2.499631842607329e-05,8001.178277173129,0.40715628575680435
3.85,75.0,3.6,3_6C-80PER_3_6C,12.749284768270401,2.79850901816057e-05,7146.662694389238,0.407049443080089
3.85,75.0,3.85,3_6C-80PER_3_6C,12.695172214157846,3.133122482772074e-05,6383.408280388937,0.40924971839557445
3.85,75.0,4.1,3_6C-80PER_3_6C,12.647658752010239,3.5077451701421116e-05,5701.668459339573,0.41366760086844917
4.1,70.0,3.1,3_6C-80PER_3_6C,12.40702605661751,2.2304494348164727e-05,8966.80269357716,0.33839038994394854
4.1,70.0,3.35,3_6C-80PER_3_6C,12.262586961769172,2.477055527928318e-05,8074.102406871344,0.3243750579398741
4.1,70.0,3.6,3_6C-80PER_3_6C,12.138208852316435,2.7509272313743844e-05,7270.27591711608,0.3141985773654437
4.1,70.0,3.85,3_6C-80PER_3_6C,12.029983744091327,3.0550791239816435e-05,6546.475291917896,0.3073692339086186
4.1,70.0,4.1,3_6C-80PER_3_6C,11.93495681979611,3.3928590866888746e-05,5894.733464901486,0.3035481131884665
4.1,75.0,3.1,3_6C-80PER_3_6C,12.170991438206812,1.9034746208222472e-05,10507.100951711438,0.29303318323446326
4.1,75.0,3.35,3_6C-80PER_3_6C,12.098771890782642,2.131070184581434e-05,9384.956039788161,0.2892336081859989
4.1,75.0,3.6,3_6C-80PER_3_6C,12.036582836056274,2.3858790035509632e-05,8382.654765909547,0.2877712004132806
4.1,75.0,3.85,3_6C-80PER_3_6C,11.98247028194372,2.671154925244009e-05,7487.397983167527,0.2884538277770942
4.1,75.0,4.1,3_6C-80PER_3_6C,11.934956819796112,2.99054085476925e-05,6687.753477135895,0.29117259944222784
3.2,21.0,5.4,3_7C_31PER_5_9C_NEWSTRUCTURE,10.720695302180932,0.00034407126891761126,581.27492199266,1.0759683445746617
3.2,21.0,5.65,3_7C_31PER_5_9C_NEWSTRUCTURE,10.430626472289093,0.0003530369875709418,566.5128783703169,1.0601671679150564
3.2,21.0,5.9,3_7C_31PER_5_9C_NEWSTRUCTURE,10.165139746625377,0.00036223633256344195,552.1257312447311,1.0487609245490648
3.2,26.0,5.4,3_7C_31PER_5_9C_NEWSTRUCTURE,11.102639746625378,0.00030558131929414925,654.4902694378454,1.0146916046857515
3.2,26.0,5.65,3_7C_31PER_5_9C_NEWSTRUCTURE,10.837153020961662,0.00031608646769434845,632.7382550062138,1.0073020791167036
3.2,26.0,5.9,3_7C_31PER_5_9C_NEWSTRUCTURE,10.594165170354191,0.0003269527577479875,611.7091697821322,1.004388180716723
3.2,31.0,5.4,3_7C_31PER_5_9C_NEWSTRUCTURE,11.484584191069821,0.00027139709454762146,736.92756487821,0.9666594938428015
3.2,31.0,5.65,3_7C_31PER_5_9C_NEWSTRUCTURE,11.243679569634228,0.0002830033638880788,706.7053806437981,0.9663333591486543
3.2,31.0,5.9,3_7C_31PER_5_9C_NEWSTRUCTURE,11.023190594083005,0.00029510597416478594,677.7226403702721,0.9705871817776617
3.2,36.0,5.4,3_7C_31PER_5_9C_NEWSTRUCTURE,11.866528635514266,0.00024103692954473312,829.7483724911239,0.9303903855607955
3.2,36.0,5.65,3_7C_31PER_5_9C_NEWSTRUCTURE,11.650206118306794,0.0002533828941054674,789.3192660304549,0.9360158778166257
3.2,36.0,5.9,3_7C_31PER_5_9C_NEWSTRUCTURE,11.452216017811818,0.00026636122168718327,750.8600491211201,0.9463281885303206
3.2,41.0,5.4,3_7C_31PER_5_9C_NEWSTRUCTURE,12.24847307995871,0.0002140730412062616,934.2605629977384,0.9045683972976797
3.2,41.0,5.65,3_7C_31PER_5_9C_NEWSTRUCTURE,12.05673266697936,0.00022686264270220215,881.5907177037333,0.9152348261380272
3.2,41.0,5.9,3_7C_31PER_5_9C_NEWSTRUCTURE,11.88124144154063,0.00024041634744768474,831.8901860179061,0.9306817633632587
3.45,21.0,5.4,3_7C_31PER_5_9C_NEWSTRUCTURE,10.435369215224412,0.00026456940882539664,755.9452957465336,0.7887456729320923
3.45,21.0,5.65,3_7C_31PER_5_9C_NEWSTRUCTURE,10.145300385332572,0.000271463488913131,736.7473276083934,0.7665720305198296
3.45,21.0,5.9,3_7C_31PER_5_9C_NEWSTRUCTURE,9.879813659668855,0.00027853721312702203,718.03691059691,0.7486272693642132
3.45,26.0,5.4,3_7C_31PER_5_9C_NEWSTRUCTURE,10.749378877060161,0.00023722966213910436,843.0648941477058,0.7516077870688773
3.45,26.0,5.65,3_7C_31PER_5_9C_NEWSTRUCTURE,10.483892151396445,0.00024538504549649317,815.0455933259317,0.7369902645360872
3.45,26.0,5.9,3_7C_31PER_5_9C_NEWSTRUCTURE,10.240904300788975,0.00025382079125505153,787.9575152652891,0.7265998880776571
3.45,31.0,5.4,3_7C_31PER_5_9C_NEWSTRUCTURE,11.063388538895909,0.00021271511641685902,940.2246693556976,0.7231603632808272
3.45,31.0,5.65,3_7C_31PER_5_9C_NEWSTRUCTURE,10.822483917460314,0.00022181185688873465,901.6650543632755,0.715114789956834
3.45,31.0,5.9,3_7C_31PER_5_9C_NEWSTRUCTURE,10.601994941909092,0.00023129761854822768,864.6868102461598,0.7113190529425616
3.45,36.0,5.4,3_7C_31PER_5_9C_NEWSTRUCTURE,11.377398200731658,0.0001907338245320512,1048.5817106152124,0.7025053573353234
3.45,36.0,5.65,3_7C_31PER_5_9C_NEWSTRUCTURE,11.161075683524185,0.0002005032529870759,997.490050761878,0.7002052932866953
3.45,36.0,5.9,3_7C_31PER_5_9C_NEWSTRUCTURE,10.963085583029208,0.00021077307371689512,948.8878084523965,0.7021860989583505
3.45,41.0,5.4,3_7C_31PER_5_9C_NEWSTRUCTURE,11.691407862567406,0.00017102400822953487,1169.4264569660645,0.688837525985106
3.45,41.0,5.65,3_7C_31PER_5_9C_NEWSTRUCTURE,11.499667449588056,0.00018124168393110422,1103.498906333415,0.6915925800735119
3.45,41.0,5.9,3_7C_31PER_5_9C_NEWSTRUCTURE,11.324176224149328,0.0001920698054865812,1041.288085304865,0.6986554845708479
3.7,21.0,5.4,3_7C_31PER_5_9C_NEWSTRUCTURE,10.188600707586339,0.00020343742244569902,983.1032933647372,0.5637960064358222
3.7,21.0,5.65,3_7C_31PER_5_9C_NEWSTRUCTURE,9.898531877694499,0.00020873854130675596,958.1364263060838,0.5367223341482268
3.7,21.0,5.9,3_7C_31PER_5_9C_NEWSTRUCTURE,9.633045152030782,0.00021417779532918694,933.8036171891864,0.5137498594272275
3.7,26.0,5.4,3_7C_31PER_5_9C_NEWSTRUCTURE,10.443855962841596,0.00018416673090039645,1085.972471912784,0.5426921446215622
3.7,26.0,5.65,3_7C_31PER_5_9C_NEWSTRUCTURE,10.17836923717788,0.00019049793872081232,1049.880126488474,0.5224633652174029
3.7,26.0,5.9,3_7C_31PER_5_9C_NEWSTRUCTURE,9.935381386570409,0.00019704679818910935,1014.9873118367365,0.5062688304161352
3.7,31.0,5.4,3_7C_31PER_5_9C_NEWSTRUCTURE,10.69911121809685,0.00016672146335117957,1199.6055935445038,0.5272033800024957
3.7,31.0,5.65,3_7C_31PER_5_9C_NEWSTRUCTURE,10.458206596661254,0.00017385128989451216,1150.408490620657,0.513107479243872
3.7,31.0,5.9,3_7C_31PER_5_9C_NEWSTRUCTURE,10.237717621110033,0.00018128602274994287,1103.229013280689,0.5030026731532381
3.7,36.0,5.4,3_7C_31PER_5_9C_NEWSTRUCTURE,10.954366473352104,0.00015092870577689568,1325.1289671538163,0.5167978202416834
3.7,36.0,5.65,3_7C_31PER_5_9C_NEWSTRUCTURE,10.738043956144633,0.00015865930729193545,1260.5626698722256,0.5082262206721332
3.7,36.0,5.9,3_7C_31PER_5_9C_NEWSTRUCTURE,10.540053855649656,0.0001667858719173508,1199.1423356236562,0.5036142613937129
3.7,41.0,5.4,3_7C_31PER_5_9C_NEWSTRUCTURE,11.20962172860736,0.00013663192350649183,1463.7867554466313,0.5109939567174215
3.7,41.0,5.65,3_7C_31PER_5_9C_NEWSTRUCTURE,11.01788131562801,0.0001447948750085829,1381.2643575136533,0.507428574504931
3.7,41.0,5.9,3_7C_31PER_5_9C_NEWSTRUCTURE,10.84239009018928,0.00015344551471351456,1303.3942397951707,0.5077934339136732
3.95,21.0,5.4,3_7C_31PER_5_9C_NEWSTRUCTURE,9.973068719902454,0.0001564307265722592,1278.5211983760435,0.38696791665152075
3.95,21.0,5.65,3_7C_31PER_5_9C_NEWSTRUCTURE,9.682999890010613,0.00016050695731246328,1246.0519054675901,0.3561264261109739
3.95,21.0,5.9,3_7C_31PER_5_9C_NEWSTRUCTURE,9.417513164346897,0.00016468940540146723,1214.4072019232526,0.32928795231971913
3.95,26.0,5.4,3_7C_31PER_5_9C_NEWSTRUCTURE,10.177006835232973,0.00014297278200670725,1398.8676529398265,0.37606981328933
3.95,26.0,5.65,3_7C_31PER_5_9C_NEWSTRUCTURE,9.911520109569256,0.00014788784126372928,1352.3762216755792,0.351484888768561
3.95,26.0,5.9,3_7C_31PER_5_9C_NEWSTRUCTURE,9.668532258961786,0.00015297186839814033,1307.4299352836524,0.3307844550928018
3.95,31.0,5.4,3_7C_31PER_5_9C_NEWSTRUCTURE,10.380944950563492,0.00013067264240631865,1530.5422490662747,0.36873317697611585
3.95,31.0,5.65,3_7C_31PER_5_9C_NEWSTRUCTURE,10.140040329127899,0.00013626084476244576,1467.7730814650072,0.3498951616905755
3.95,31.0,5.9,3_7C_31PER_5_9C_NEWSTRUCTURE,9.919551353576676,0.00014208802602799057,1407.5781442737552,0.33484544502417724
3.95,36.0,5.4,3_7C_31PER_5_9C_NEWSTRUCTURE,10.584883065894012,0.00011943070026187625,1674.6112981122867,0.36465160993973067
3.95,36.0,5.65,3_7C_31PER_5_9C_NEWSTRUCTURE,10.36856054868654,0.0001255479670047019,1593.0166355661484,0.35111731043099154
3.95,36.0,5.9,3_7C_31PER_5_9C_NEWSTRUCTURE,10.170570448191565,0.0001319785614959277,1515.3976352907223,0.34128846063067586
3.95,41.0,5.4,3_7C_31PER_5_9C_NEWSTRUCTURE,10.788821181224534,0.00010915591743136287,1832.2414827007412,0.3635450742180399
3.95,41.0,5.65,3_7C_31PER_5_9C_NEWSTRUCTURE,10.597080768245183,0.00011567733963849545,1728.947092187824,0.3549302642782291
3.95,41.0,5.9,3_7C_31PER_5_9C_NEWSTRUCTURE,10.421589542806455,0.00012258837835570362,1631.4760231159767,0.34994402243714207
4.2,21.0,5.4,3_7C_31PER_5_9C_NEWSTRUCTURE,9.783195302180934,0.0001202855006799771,1662.7107911543349,0.24738753546288494
4.2,21.0,5.65,3_7C_31PER_5_9C_NEWSTRUCTURE,9.493126472289093,0.0001234198686281183,1620.4846287969128,0.21364882699745574
4.2,21.0,5.9,3_7C_31PER_5_9C_NEWSTRUCTURE,9.227639746625377,0.000126635911112083,1579.330841020158,0.18383764033844435
4.2,26.0,5.4,3_7C_31PER_5_9C_NEWSTRUCTURE,9.941925460911094,0.00011099299148548567,1801.9155743374447,0.24254161272275637
4.2,26.0,5.65,3_7C_31PER_5_9C_NEWSTRUCTURE,9.676438735247377,0.00011480866271051444,1742.0288267296712,0.2145749146150769
4.2,26.0,5.9,3_7C_31PER_5_9C_NEWSTRUCTURE,9.433450884639907,0.00011875550750517746,1684.1324179535882,0.1903764501365915
4.2,31.0,5.4,3_7C_31PER_5_9C_NEWSTRUCTURE,10.100655619641252,0.00010241836372010736,1952.774802637614,0.23990392982593983
4.2,31.0,5.65,3_7C_31PER_5_9C_NEWSTRUCTURE,9.859750998205657,0.00010679827470156396,1872.6894283533888,0.21734914872410785
4.2,31.0,5.9,3_7C_31PER_5_9C_NEWSTRUCTURE,9.639262022654435,0.00011136549213382356,1795.8884405563244,0.19842371912663387
4.2,36.0,5.4,3_7C_31PER_5_9C_NEWSTRUCTURE,10.25938577837141,9.450615833231127e-05,2116.264204674806,0.23930389190496001
4.2,36.0,5.65,3_7C_31PER_5_9C_NEWSTRUCTURE,10.043063261163937,9.934678455396817e-05,2013.1502081112044,0.2218425811237398
4.2,36.0,5.9,3_7C_31PER_5_9C_NEWSTRUCTURE,9.84507316066896,0.0001044353487156626,1915.0603934355915,0.20788557766960106
4.2,41.0,5.4,3_7C_31PER_5_9C_NEWSTRUCTURE,10.418115937101568,8.72052006917431e-05,2293.4411986157693,0.24058408319011962
4.2,41.0,5.65,3_7C_31PER_5_9C_NEWSTRUCTURE,10.226375524122217,9.241519705063208e-05,2164.1462268421587,0.22793526053985477
4.2,41.0,5.9,3_7C_31PER_5_9C_NEWSTRUCTURE,10.050884298683489,9.793645996064816e-05,2042.1403844938034,0.21867399752360714
4.3,70.0,4.3,4_8C_80PER_4_8C,11.390430444299797,3.22297619431214e-05,6205.444531453784,0.21688777651686386
4.3,70.0,4.55,4_8C_80PER_4_8C,11.313762925771814,3.5793194294759536e-05,5587.65441142206,0.21638334535676856
4.3,70.0,4.8,4_8C_80PER_4_8C,11.245081607090494,3.975061187492994e-05,5031.369092613559,0.21828517976460318
4.3,70.0,5.05,4_8C_80PER_4_8C,11.183200418971682,4.4145575033594144e-05,4530.465394273444,0.22254989533787128
4.3,70.0,5.3,4_8C_80PER_4_8C,11.127157078788608,4.902646030150261e-05,4079.429735902639,0.22918239008733035
4.3,75.0,4.3,4_8C_80PER_4_8C,11.390430444299797,2.8811617020377804e-05,6941.6444019280325,0.2063733886214376
4.3,75.0,4.55,4_8C_80PER_4_8C,11.352096685035805,3.2256578222820343e-05,6200.2856787366045,0.2112373994654647
4.3,75.0,4.8,4_8C_80PER_4_8C,11.317756025695147,3.6113448193796656e-05,5538.103116787246,0.21796563613135816
4.3,75.0,5.05,4_8C_80PER_4_8C,11.286815431635741,4.043147823792976e-05,4946.64080356021,0.2266209090119703
4.3,75.0,5.3,4_8C_80PER_4_8C,11.258793761544203,4.5265808563386683e-05,4418.345907152762,0.23730087686533358
4.55,70.0,4.3,4_8C_80PER_4_8C,10.853757814603913,2.7216221527515785e-05,7348.55864535783,0.12120575670727818
4.55,70.0,4.55,4_8C_80PER_4_8C,10.77709029607593,3.0225339759653347e-05,6616.964493711743,0.11899622708001123
4.55,70.0,4.8,4_8C_80PER_4_8C,10.70840897739461,3.356715636161531e-05,5958.205033677022,0.11900444152146591
4.55,70.0,5.05,4_8C_80PER_4_8C,10.646527789275797,3.727845559933756e-05,5365.0291243168895,0.1211661720495236
4.55,70.0,5.3,4_8C_80PER_4_8C,10.590484449092724,4.14000887325955e-05,4830.907520314906,0.12546316855810105
4.55,75.0,4.3,4_8C_80PER_4_8C,10.81542405533992,2.4563448486742398e-05,8142.179226501758,0.10731282641349794
4.55,75.0,4.55,4_8C_80PER_4_8C,10.777090296075928,2.750046264235785e-05,7272.6049230876615,0.11061436626773757
4.55,75.0,4.8,4_8C_80PER_4_8C,10.742749636735269,3.078865111109729e-05,6495.90004051568,0.11559330966531842
4.55,75.0,5.05,4_8C_80PER_4_8C,10.711809042675863,3.447000327117383e-05,5802.146243695128,0.12229012894354889
4.55,75.0,5.3,4_8C_80PER_4_8C,10.683787372584325,3.859152910685579e-05,5182.484463007971,0.13077747387761246
4.8,70.0,4.3,4_8C_80PER_4_8C,10.372988583834681,2.2982568581860225e-05,8702.24750064955,0.036283139034413596
4.8,70.0,4.55,4_8C_80PER_4_8C,10.296321065306698,2.5523599711810027e-05,7835.885308429202,0.032633749637450936
4.8,70.0,4.8,4_8C_80PER_4_8C,10.227639746625378,2.834557590585811e-05,7055.774794071709,0.031042908504592542
4.8,70.0,5.05,4_8C_80PER_4_8C,10.165758558506566,3.1479559408032464e-05,6353.329073245133,0.03142878642286337
4.8,70.0,5.3,4_8C_80PER_4_8C,10.109715218323492,3.496004680995193e-05,5720.816138697699,0.033753586003237274
4.8,75.0,4.3,4_8C_80PER_4_8C,10.300314165230029,2.0941657010576682e-05,9550.342644757722,0.019136633962090262
4.8,75.0,4.55,4_8C_80PER_4_8C,10.261980405966037,2.344561907092435e-05,8530.378293487942,0.021106083512529114
4.8,75.0,4.8,4_8C_80PER_4_8C,10.227639746625378,2.624897606437095e-05,7619.344827376715,0.024593660595820112
4.8,75.0,5.05,4_8C_80PER_4_8C,10.196699152565973,2.9387526187456405e-05,6805.608567534576,0.02962079315907922
4.8,75.0,5.3,4_8C_80PER_4_8C,10.168677482474434,3.2901347972604645e-05,6078.7782970634,0.03623880947854311
5.05,70.0,4.3,4_8C_80PER_4_8C,9.939820267002997,1.940748674777998e-05,10305.301381843168,-0.039494899604640026
5.05,70.0,4.55,4_8C_80PER_4_8C,9.863152748475013,2.155324464270565e-05,9279.34532899606,-0.04436016960691881
5.05,70.0,4.8,4_8C_80PER_4_8C,9.794471429793694,2.393624484537951e-05,8355.529503142037,-0.047301323249752114
5.05,70.0,5.05,4_8C_80PER_4_8C,9.732590241674881,2.658271767410485e-05,7523.6852172878835,-0.0484150529957722
5.05,70.0,5.3,4_8C_80PER_4_8C,9.676546901491808,2.9521793560595685e-05,6774.656139691685,-0.04775566281521333
5.05,75.0,4.3,4_8C_80PER_4_8C,9.836205254338939,1.78538855643716e-05,11202.043346749735,-0.059769620587751184
5.05,75.0,4.55,4_8C_80PER_4_8C,9.797871495074947,1.9988647491777733e-05,10005.679477927128,-0.05893584945251374
5.05,75.0,4.8,4_8C_80PER_4_8C,9.763530835734288,2.2378659654224888e-05,8937.085736600038,-0.056719742124287785
5.05,75.0,5.05,4_8C_80PER_4_8C,9.732590241674883,2.505444193388466e-05,7982.616436948522,-0.05311610701982045
5.05,75.0,5.3,4_8C_80PER_4_8C,9.704568571583344,2.805016342879531e-05,7130.083234905044,-0.04809179358405949
5.3,70.0,4.3,4_8C_80PER_4_8C,9.547516885721473,1.6388531182826124e-05,12203.656189127192,-0.10745085939778432
5.3,70.0,4.55,4_8C_80PER_4_8C,9.47084936719349,1.8200503058875825e-05,10988.70725457592,-0.11334287219647884
5.3,70.0,4.8,4_8C_80PER_4_8C,9.402168048512172,2.021281272255083e-05,9894.713949279607,-0.11742428881946373
5.3,70.0,5.05,4_8C_80PER_4_8C,9.340286860393359,2.2447610202602115e-05,8909.634397376347,-0.11980435290787608
5.3,70.0,5.3,4_8C_80PER_4_8C,9.284243520210284,2.4929494510468884e-05,8022.625565713419,-0.12055130731153635
5.3,75.0,4.3,4_8C_80PER_4_8C,9.415880202965878,1.5221394829677745e-05,13139.400313698732,-0.13072747335561094
5.3,75.0,4.55,4_8C_80PER_4_8C,9.377546443701887,1.7041393845984663e-05,11736.129204426816,-0.13086192896827112
5.3,75.0,4.8,4_8C_80PER_4_8C,9.343205784361228,1.907900737504956e-05,10482.725650682887,-0.12972981778676942
5.3,75.0,5.05,4_8C_80PER_4_8C,9.312265190301822,2.136025525300358e-05,9363.183989661216,-0.12733979059869627
5.3,75.0,5.3,4_8C_80PER_4_8C,9.284243520210284,2.391426846818755e-05,8363.207942825185,-0.12367419433105933
4.5,57.0,3.5,5C_67PER_4C_NEWSTRUCTURE,11.77049688948252,2.8243224190090856e-05,7081.344490058967,0.26146443175485934
4.5,57.0,3.75,5C_67PER_4C_NEWSTRUCTURE,11.507639746625378,3.071416040900152e-05,6511.654472618604,0.229754517918448
4.5,57.0,4.0,5C_67PER_4C_NEWSTRUCTURE,11.277639746625377,3.34012732852523e-05,5987.795683474924,0.20362340443035112
4.5,57.0,4.25,5C_67PER_4C_NEWSTRUCTURE,11.074698570154789,3.632347562882247e-05,5506.081027149868,0.1822621215976634
4.5,57.0,4.5,5C_67PER_4C_NEWSTRUCTURE,10.894306413292044,3.950133488893712e-05,5063.120032837491,0.1650594886953678
4.5,62.0,3.5,5C_67PER_4C_NEWSTRUCTURE,11.58002069900633,2.479260829970102e-05,8066.920494299579,0.22236419084950074
4.5,62.0,3.75,5C_67PER_4C_NEWSTRUCTURE,11.374306413292043,2.718027808939727e-05,7358.276443757866,0.198943936433245
4.5,62.0,4.0,5C_67PER_4C_NEWSTRUCTURE,11.194306413292043,2.979789411773507e-05,6711.88370593492,0.18007661439905126
4.5,62.0,4.25,5C_67PER_4C_NEWSTRUCTURE,11.03548288388028,3.266760152090256e-05,6122.273772441752,0.1651517079540324
4.5,62.0,4.5,5C_67PER_4C_NEWSTRUCTURE,10.894306413292044,3.581367813819161e-05,5584.458519682751,0.15371606868864562
4.5,67.0,3.5,5C_67PER_4C_NEWSTRUCTURE,11.38954450853014,2.176357140266097e-05,9189.668198278641,0.18456074840202763
4.5,67.0,3.75,5C_67PER_4C_NEWSTRUCTURE,11.240973079958712,2.4052994032044532e-05,8314.973168560662,0.16938407191398297
4.5,67.0,4.0,5C_67PER_4C_NEWSTRUCTURE,11.110973079958711,2.658325286790171e-05,7523.53374486734,0.1577256020040339
4.5,67.0,4.25,5C_67PER_4C_NEWSTRUCTURE,10.996267197605771,2.937968271631159e-05,6807.425455583973,0.14917314356630576
4.5,67.0,4.5,5C_67PER_4C_NEWSTRUCTURE,10.894306413292046,3.24702834826274e-05,6159.4780996293475,0.14343161642268382
4.5,72.0,3.5,5C_67PER_4C_NEWSTRUCTURE,11.19906831805395,1.9104607085831847e-05,10468.679052202118,0.1478956680619972
4.5,72.0,3.75,5C_67PER_4C_NEWSTRUCTURE,11.107639746625377,2.1285526218778957e-05,9396.05617189543,0.14093102048981038
4.5,72.0,4.0,5C_67PER_4C_NEWSTRUCTURE,11.027639746625377,2.3715411909535204e-05,8433.334439347707,0.13644136497084108
4.5,72.0,4.25,5C_67PER_4C_NEWSTRUCTURE,10.95705151133126,2.6422685361789818e-05,7569.25336170496,0.13421251041542964
4.5,72.0,4.5,5C_67PER_4C_NEWSTRUCTURE,10.894306413292044,2.9439012250402238e-05,6793.70619838875,0.13410727170581885
4.5,77.0,3.5,5C_67PER_4C_NEWSTRUCTURE,11.008592127577758,1.6770501732054507e-05,11925.701639428446,0.11222987043994173
4.5,77.0,3.75,5C_67PER_4C_NEWSTRUCTURE,10.974306413292044,1.8836475234921772e-05,10617.69771178905,0.11345743545237752
4.5,77.0,4.0,5C_67PER_4C_NEWSTRUCTURE,10.944306413292043,2.1156957910069285e-05,9453.154884087258,0.11610881798274325
4.5,77.0,4.25,5C_67PER_4C_NEWSTRUCTURE,10.91783582505675,2.3763302976057192e-05,8416.33842742782,0.12016735606842573
4.5,77.0,4.5,5C_67PER_4C_NEWSTRUCTURE,10.894306413292044,2.669072608322069e-05,7493.239388707803,0.1256534034636885
4.75,57.0,3.5,5C_67PER_4C_NEWSTRUCTURE,11.37049688948252,2.326443353307331e-05,8596.8136604605,0.18632887969997092
4.75,57.0,3.75,5C_67PER_4C_NEWSTRUCTURE,11.107639746625377,2.5299786545265144e-05,7905.205035709284,0.15327908973200569
4.75,57.0,4.0,5C_67PER_4C_NEWSTRUCTURE,10.877639746625377,2.7513208018842327e-05,7269.235919818245,0.12569087736044746
4.75,57.0,4.25,5C_67PER_4C_NEWSTRUCTURE,10.67469857015479,2.9920276763353136e-05,6684.430146881643,0.10274501733723829
4.75,57.0,4.5,5C_67PER_4C_NEWSTRUCTURE,10.494306413292044,3.2537934543385824e-05,6146.671655919696,0.08381917614673273
4.75,62.0,3.5,5C_67PER_4C_NEWSTRUCTURE,11.144932979708086,2.061823090154668e-05,9700.153274789302,0.14445563930619088
4.75,62.0,3.75,5C_67PER_4C_NEWSTRUCTURE,10.9392186939938,2.260388430458937e-05,8848.036793366222,0.11979876200672501
4.75,62.0,4.0,5C_67PER_4C_NEWSTRUCTURE,10.7592186939938,2.4780767472001376e-05,8070.775056743929,0.09957572324232451
4.75,62.0,4.25,5C_67PER_4C_NEWSTRUCTURE,10.600395164582036,2.7167296922357753e-05,7361.7923995746105,0.08316453680239654
4.75,62.0,4.5,5C_67PER_4C_NEWSTRUCTURE,10.4592186939938,2.978366279016381e-05,6715.090800250765,0.0700994802892555
4.75,67.0,3.5,5C_67PER_4C_NEWSTRUCTURE,10.919369069933648,1.827301940987063e-05,10945.098645928489,0.10350826299044219
4.75,67.0,3.75,5C_67PER_4C_NEWSTRUCTURE,10.77079764136222,2.019525282322523e-05,9903.317465280414,0.08720209377005106
4.75,67.0,4.0,5C_67PER_4C_NEWSTRUCTURE,10.64079764136222,2.231969591044579e-05,8960.695557971221,0.07429531394590051
4.75,67.0,4.25,5C_67PER_4C_NEWSTRUCTURE,10.52609175900928,2.4667620152883703e-05,8107.79470254732,0.06436322941827642
4.75,67.0,4.5,5C_67PER_4C_NEWSTRUCTURE,10.424130974695554,2.7262534689022056e-05,7336.075030489921,0.05709694618142128
4.75,72.0,3.5,5C_67PER_4C_NEWSTRUCTURE,10.693805160159213,1.6194562954887728e-05,12349.823861077859,0.06338143875549908
4.75,72.0,3.75,5C_67PER_4C_NEWSTRUCTURE,10.60237658873064,1.804328101746563e-05,11084.458519844753,0.05539492376923725
4.75,72.0,4.0,5C_67PER_4C_NEWSTRUCTURE,10.52237658873064,2.0103042655867286e-05,9948.742756193073,0.049766747811889465
4.75,72.0,4.25,5C_67PER_4C_NEWSTRUCTURE,10.451788353436523,2.2397939910841353e-05,8929.392649329919,0.04626940306807247
4.75,72.0,4.5,5C_67PER_4C_NEWSTRUCTURE,10.389043255397308,2.4954815091298776e-05,8014.485351555894,0.04475086750067944
4.75,77.0,3.5,5C_67PER_4C_NEWSTRUCTURE,10.468241250384777,1.4352519603747213e-05,13934.835521686604,0.023981833270357977
4.75,77.0,3.75,5C_67PER_4C_NEWSTRUCTURE,10.433955536099063,1.6120619668639675e-05,12406.4709738839,0.02429312441454088
4.75,77.0,4.0,5C_67PER_4C_NEWSTRUCTURE,10.403955536099062,1.8106533603555143e-05,11045.736548973175,0.025915356457729414
4.75,77.0,4.25,5C_67PER_4C_NEWSTRUCTURE,10.377484947863769,2.0337094099084134e-05,9834.246673865115,0.028817962063009683
4.75,77.0,4.5,5C_67PER_4C_NEWSTRUCTURE,10.353955536099063,2.2842439389602094e-05,8755.632294291661,0.033005676594520264
5.0,57.0,3.5,5C_67PER_4C_NEWSTRUCTURE,11.010496889482521,1.9163317331336378e-05,10436.606384060371,0.11987515281488903
5.0,57.0,3.75,5C_67PER_4C_NEWSTRUCTURE,10.747639746625378,2.083987290267549e-05,9596.987512065074,0.08572168364247869
5.0,57.0,4.0,5C_67PER_4C_NEWSTRUCTURE,10.517639746625377,2.2663106553555204e-05,8824.915486646982,0.05693323365296128
5.0,57.0,4.25,5C_67PER_4C_NEWSTRUCTURE,10.31469857015479,2.4645850819553647e-05,8114.9562035538665,0.032682129919657334
5.0,57.0,4.5,5C_67PER_4C_NEWSTRUCTURE,10.134306413292045,2.6802060925950342e-05,7462.112729038521,0.012336852179879754
5.0,62.0,3.5,5C_67PER_4C_NEWSTRUCTURE,10.753354032339663,1.7146701160709298e-05,11664.051185442526,0.07521587836162316
5.0,62.0,3.75,5C_67PER_4C_NEWSTRUCTURE,10.547639746625379,1.8798026421023672e-05,10639.414772623175,0.04953059066515738
5.0,62.0,4.0,5C_67PER_4C_NEWSTRUCTURE,10.367639746625377,2.0608383735946942e-05,9704.788233884763,0.02818009970845019
5.0,62.0,4.25,5C_67PER_4C_NEWSTRUCTURE,10.208816217213613,2.2593088800697287e-05,8852.264591365987,0.010532880990314417
5.0,62.0,4.5,5C_67PER_4C_NEWSTRUCTURE,10.067639746625378,2.476893229942272e-05,8074.631460987978,-0.003887244769395337
5.0,67.0,3.5,5C_67PER_4C_NEWSTRUCTURE,10.496211175196809,1.5342299853997487e-05,13035.855243559807,0.03120938763953714
5.0,67.0,3.75,5C_67PER_4C_NEWSTRUCTURE,10.34763974662538,1.69562357206189e-05,11795.070751275216,0.013954879461370015
5.0,67.0,4.0,5C_67PER_4C_NEWSTRUCTURE,10.21763974662538,1.8739949847758913e-05,10672.387152835297,0.0
5.0,67.0,4.25,5C_67PER_4C_NEWSTRUCTURE,10.102933864272439,2.0711302088675044e-05,9656.563317154269,-0.011090439186086008
5.0,67.0,4.5,5C_67PER_4C_NEWSTRUCTURE,10.000973079958712,2.2890031066953585e-05,8737.428071416674,-0.019636930398529547
5.0,72.0,3.5,5C_67PER_4C_NEWSTRUCTURE,10.239068318053949,1.3727781373442578e-05,14568.996588692402,-0.012213013837061814
5.0,72.0,3.75,5C_67PER_4C_NEWSTRUCTURE,10.147639746625376,1.5294899760947107e-05,13076.254380605067,-0.021065743767940716
5.0,72.0,4.0,5C_67PER_4C_NEWSTRUCTURE,10.067639746625376,1.7040915231210093e-05,11736.45882785122,-0.027659018920048725
5.0,72.0,4.25,5C_67PER_4C_NEWSTRUCTURE,9.997051511331259,1.898625008702284e-05,10533.93898654588,-0.0322316354096546
5.0,72.0,4.5,5C_67PER_4C_NEWSTRUCTURE,9.934306413292044,2.1153657974119093e-05,9454.62956074521,-0.03494819221006611
5.0,77.0,3.5,5C_67PER_4C_NEWSTRUCTURE,9.981925460911093,1.228316375187619e-05,16282.450029981163,-0.055112791617021435
5.0,77.0,3.75,5C_67PER_4C_NEWSTRUCTURE,9.947639746625379,1.3796337969809804e-05,14496.600506428244,-0.05558566536346697
5.0,77.0,4.0,5C_67PER_4C_NEWSTRUCTURE,9.917639746625378,1.549592150867017e-05,12906.62190616398,-0.05484420020360822
5.0,77.0,4.25,5C_67PER_4C_NEWSTRUCTURE,9.891169158390085,1.7404878303816816e-05,11491.0312217547,-0.05293086396251578
5.0,77.0,4.5,5C_67PER_4C_NEWSTRUCTURE,9.867639746625379,1.9549001238885963e-05,10230.701689361465,-0.04985428779626792
5.25,57.0,3.5,5C_67PER_4C_NEWSTRUCTURE,10.684782603768236,1.578515679822718e-05,12670.130715613917,0.06077274911103846
5.25,57.0,3.75,5C_67PER_4C_NEWSTRUCTURE,10.421925460911092,1.7166164695604815e-05,11650.826119081075,0.025710160238949703
5.25,57.0,4.0,5C_67PER_4C_NEWSTRUCTURE,10.191925460911094,1.866799387065472e-05,10713.523980441807,-0.004066946289883584
5.25,57.0,4.25,5C_67PER_4C_NEWSTRUCTURE,9.988984284440505,2.0301214705462483e-05,9851.627249978577,-0.029393201901514062
5.25,57.0,4.5,5C_67PER_4C_NEWSTRUCTURE,9.808592127577759,2.207732236108937e-05,9059.06960676056,-0.05090769414147382
5.25,62.0,3.5,5C_67PER_4C_NEWSTRUCTURE,10.399068318053951,1.4259679314805542e-05,14025.56085481838,0.013351346678264377
5.25,62.0,3.75,5C_67PER_4C_NEWSTRUCTURE,10.193354032339665,1.5632967881266255e-05,12793.476038524312,-0.013189196051096176
5.25,62.0,4.0,5C_67PER_4C_NEWSTRUCTURE,10.013354032339665,1.7138511980627602e-05,11669.624540687582,-0.03547730798541156
5.25,62.0,4.25,5C_67PER_4C_NEWSTRUCTURE,9.8545305029279,1.8789048576125143e-05,10644.498532732301,-0.05415244593680343
5.25,62.0,4.5,5C_67PER_4C_NEWSTRUCTURE,9.713354032339664,2.0598541273305025e-05,9709.425407671604,-0.06969948542320192
5.25,67.0,3.5,5C_67PER_4C_NEWSTRUCTURE,10.113354032339664,1.2881623968659564e-05,15525.992723168398,-0.03361657775087844
5.25,67.0,3.75,5C_67PER_4C_NEWSTRUCTURE,9.964782603768237,1.4236708613151972e-05,14048.190872940857,-0.05166732547364744
5.25,67.0,4.0,5C_67PER_4C_NEWSTRUCTURE,9.834782603768236,1.5734341619419722e-05,12711.049806695119,-0.06650220503518753
5.25,67.0,4.25,5C_67PER_4C_NEWSTRUCTURE,9.720076721415296,1.738951838684804e-05,11501.181087985915,-0.07856521608303113
5.25,67.0,4.5,5C_67PER_4C_NEWSTRUCTURE,9.618115937101571,1.9218811758434307e-05,10406.470624398964,-0.08818658902116998
5.25,72.0,3.5,5C_67PER_4C_NEWSTRUCTURE,9.82763974662538,1.1636743885092624e-05,17186.93837167046,-0.08017484828866188
5.25,72.0,3.75,5C_67PER_4C_NEWSTRUCTURE,9.736211175196807,1.2965156307823127e-05,15425.961342195369,-0.08976184992636224
5.25,72.0,4.0,5C_67PER_4C_NEWSTRUCTURE,9.656211175196807,1.4445215925189012e-05,13845.41435972914,-0.09717321882920991
5.25,72.0,4.25,5C_67PER_4C_NEWSTRUCTURE,9.58562293990269,1.6094234282345415e-05,12426.810526760519,-0.10265731996241792
5.25,72.0,4.5,5C_67PER_4C_NEWSTRUCTURE,9.522877841863474,1.793149915352568e-05,11153.557116872526,-0.1063894134965734
5.25,77.0,3.5,5C_67PER_4C_NEWSTRUCTURE,9.541925460911093,1.0512169007315852e-05,19025.569305517423,-0.12636305388534252
5.25,77.0,3.75,5C_67PER_4C_NEWSTRUCTURE,9.50763974662538,1.1807172756981057e-05,16938.856076425993,-0.12750703110532352
5.25,77.0,4.0,5C_67PER_4C_NEWSTRUCTURE,9.477639746625378,1.3261709207317248e-05,15081.012324538719,-0.12751934327194508
5.25,77.0,4.25,5C_67PER_4C_NEWSTRUCTURE,9.451169158390085,1.489543133816323e-05,13426.935780475505,-0.1264526428781127
5.25,77.0,4.5,5C_67PER_4C_NEWSTRUCTURE,9.42763974662538,1.6730413197984692e-05,11954.277376968284,-0.12432700040631871
5.5,57.0,3.5,5C_67PER_4C_NEWSTRUCTURE,10.388678707664338,1.3002507386190734e-05,15381.64863589382,0.007930441570379788
5.5,57.0,3.75,5C_67PER_4C_NEWSTRUCTURE,10.125821564807197,1.4140067539413737e-05,14144.20401052004,-0.02788100496344112
5.5,57.0,4.0,5C_67PER_4C_NEWSTRUCTURE,9.895821564807196,1.5377150274225513e-05,13006.31108061882,-0.05847248502807041
5.5,57.0,4.25,5C_67PER_4C_NEWSTRUCTURE,9.692880388336608,1.672246259765157e-05,11959.960970586182,-0.08468436188616116
5.5,57.0,4.5,5C_67PER_4C_NEWSTRUCTURE,9.512488231473863,1.8185473273196657e-05,10997.789114170459,-0.10716195638534969
5.5,62.0,3.5,5C_67PER_4C_NEWSTRUCTURE,10.076990395976027,1.1858750686518737e-05,16865.182959564532,-0.04220121883200221
5.5,62.0,3.75,5C_67PER_4C_NEWSTRUCTURE,9.871276110261743,1.300081611244984e-05,15383.6496316932,-0.06945301571964892
5.5,62.0,4.0,5C_67PER_4C_NEWSTRUCTURE,9.691276110261741,1.4252868962148099e-05,14032.262594369444,-0.0925208796502359
5.5,62.0,4.25,5C_67PER_4C_NEWSTRUCTURE,9.532452580849977,1.56255016527485e-05,12799.589059262002,-0.11205086416892802
5.5,62.0,4.5,5C_67PER_4C_NEWSTRUCTURE,9.391276110261742,1.7130326711657975e-05,11675.20055901157,-0.1285350768297706
5.5,67.0,3.5,5C_67PER_4C_NEWSTRUCTURE,9.765302084287717,1.0815603765344882e-05,18491.80169125977,-0.09202339843087477
5.5,67.0,3.75,5C_67PER_4C_NEWSTRUCTURE,9.616730655716289,1.1953353059920638e-05,16731.706910807825,-0.11074268076059007
5.5,67.0,4.0,5C_67PER_4C_NEWSTRUCTURE,9.486730655716288,1.3210788086832054e-05,15139.142243856853,-0.1263164215418069
5.5,67.0,4.25,5C_67PER_4C_NEWSTRUCTURE,9.372024773363346,1.460049920723609e-05,13698.161765652429,-0.1391960184421556
5.5,67.0,4.5,5C_67PER_4C_NEWSTRUCTURE,9.270063989049621,1.6136401227492565e-05,12394.337323445323,-0.14971987812171927
5.5,72.0,3.5,5C_67PER_4C_NEWSTRUCTURE,9.453613772599404,9.86421655207944e-06,20275.305083183594,-0.14156332049417605
5.5,72.0,3.75,5C_67PER_4C_NEWSTRUCTURE,9.362185201170831,1.0990283082174072e-05,18197.89340316396,-0.15177274840469582
5.5,72.0,4.0,5C_67PER_4C_NEWSTRUCTURE,9.282185201170831,1.2244897665071951e-05,16333.333725645702,-0.1598775977172599
5.5,72.0,4.25,5C_67PER_4C_NEWSTRUCTURE,9.211596965876714,1.3642734923841855e-05,14659.817193287454,-0.16613434470373825
5.5,72.0,4.5,5C_67PER_4C_NEWSTRUCTURE,9.148851867837498,1.5200144688274987e-05,13157.769488488819,-0.17072728680147464
5.5,77.0,3.5,5C_67PER_4C_NEWSTRUCTURE,9.141925460911093,8.996517466560124e-06,22230.824398818324,-0.19084581361363387
5.5,77.0,3.75,5C_67PER_4C_NEWSTRUCTURE,9.10763974662538,1.0104806711626067e-05,19792.560680046496,-0.19256413416060386
5.5,77.0,4.0,5C_67PER_4C_NEWSTRUCTURE,9.077639746625378,1.1349627126146702e-05,17621.7242890077,-0.19322154353588503
5.5,77.0,4.25,5C_67PER_4C_NEWSTRUCTURE,9.051169158390085,1.274779811021603e-05,15688.983953999152,-0.19287941046801443
5.5,77.0,4.5,5C_67PER_4C_NEWSTRUCTURE,9.027639746625379,1.4318211061265008e-05,13968.225439912609,-0.1915675954361848
4.8,44.0,3.5,5_3C_54PER_4C_NEWSTRUCTURE,11.89906831805395,3.0481507099498276e-05,6561.35536038807,0.28757753419271914
4.8,44.0,3.75,5_3C_54PER_4C_NEWSTRUCTURE,11.487639746625378,3.245949996499853e-05,6161.52436777099,0.23213224437735508
4.8,44.0,4.0,5_3C_54PER_4C_NEWSTRUCTURE,11.127639746625377,3.4565847893888495e-05,5786.05797878783,0.18477299335316438
4.8,44.0,4.25,5_3C_54PER_4C_NEWSTRUCTURE,10.809992687801849,3.680888004780728e-05,5433.471481344733,0.14416812932596315
4.8,44.0,4.5,5_3C_54PER_4C_NEWSTRUCTURE,10.527639746625379,3.9197466080773345e-05,5102.3706376290875,0.10928927924358067
4.8,49.0,3.5,5_3C_54PER_4C_NEWSTRUCTURE,11.666925460911092,2.706609157386392e-05,7389.319564451923,0.24235426532062557
4.8,49.0,3.75,5_3C_54PER_4C_NEWSTRUCTURE,11.31263974662538,2.9056161328826313e-05,6883.221693898778,0.19549191583025355
4.8,49.0,4.0,5_3C_54PER_4C_NEWSTRUCTURE,11.002639746625379,3.119255356329446e-05,6411.786697558102,0.15570264991852045
4.8,49.0,4.25,5_3C_54PER_4C_NEWSTRUCTURE,10.729110334860671,3.348602682879914e-05,5972.640499349809,0.121850798818249
4.8,49.0,4.5,5_3C_54PER_4C_NEWSTRUCTURE,10.485973079958711,3.594813071343249e-05,5563.571624748415,0.09306285205761974
4.8,54.0,3.5,5_3C_54PER_4C_NEWSTRUCTURE,11.434782603768237,2.403336917343059e-05,8321.762902102979,0.1983081799952286
4.8,54.0,3.75,5_3C_54PER_4C_NEWSTRUCTURE,11.137639746625378,2.6009658561504674e-05,7689.451190874453,0.15994923259219995
4.8,54.0,4.0,5_3C_54PER_4C_NEWSTRUCTURE,10.87763974662538,2.8148460317995657e-05,7105.184359662384,0.12764494579105107
4.8,54.0,4.25,5_3C_54PER_4C_NEWSTRUCTURE,10.648227981919497,3.0463138006988964e-05,6565.311818963472,0.10045617407586775
4.8,54.0,4.5,5_3C_54PER_4C_NEWSTRUCTURE,10.444306413292047,3.2968154092590704e-05,6066.460361666054,0.07766498609645486
4.8,59.0,3.5,5_3C_54PER_4C_NEWSTRUCTURE,11.202639746625378,2.1340459602381553e-05,9371.869384560041,0.15530737624236313
4.8,59.0,3.75,5_3C_54PER_4C_NEWSTRUCTURE,10.962639746625378,2.32825778612022e-05,8590.114084114266,0.12538910790298124
4.8,59.0,4.0,5_3C_54PER_4C_NEWSTRUCTURE,10.752639746625379,2.5401441298033102e-05,7873.568970099603,0.10050105711304769
4.8,59.0,4.25,5_3C_54PER_4C_NEWSTRUCTURE,10.56734562897832,2.7713134854050263e-05,7216.794529138954,0.07990095955115298
4.8,59.0,4.5,5_3C_54PER_4C_NEWSTRUCTURE,10.402639746625379,3.0235207302911834e-05,6614.804985337038,0.06302699647912327
4.8,64.0,3.5,5_3C_54PER_4C_NEWSTRUCTURE,10.970496889482522,1.8949287249511067e-05,10554.486686836226,0.11323473154247064
4.8,64.0,3.75,5_3C_54PER_4C_NEWSTRUCTURE,10.787639746625379,2.0841428217179343e-05,9596.271326316417,0.09170852170760165
4.8,64.0,4.0,5_3C_54PER_4C_NEWSTRUCTURE,10.627639746625379,2.2922504916011913e-05,8725.049933800878,0.0741818042849143
4.8,64.0,4.25,5_3C_54PER_4C_NEWSTRUCTURE,10.486463276037144,2.521138312351724e-05,7932.924545240025,0.060109379047160294
4.8,64.0,4.5,5_3C_54PER_4C_NEWSTRUCTURE,10.360973079958711,2.772881241948289e-05,7212.71423292097,0.049085892065491
5.05,44.0,3.5,5_3C_54PER_4C_NEWSTRUCTURE,11.626791090331178,2.4491879859097693e-05,8165.971789450393,0.22843370982154054
5.05,44.0,3.75,5_3C_54PER_4C_NEWSTRUCTURE,11.215362518902605,2.6081196406532514e-05,7668.359874392355,0.17179283185345806
5.05,44.0,4.0,5_3C_54PER_4C_NEWSTRUCTURE,10.855362518902606,2.7773646200679385e-05,7201.071064090523,0.123160409083703
5.05,44.0,4.25,5_3C_54PER_4C_NEWSTRUCTURE,10.537715460079077,2.9575921719883446e-05,6762.257551741593,0.08119975519690928
5.05,44.0,4.5,5_3C_54PER_4C_NEWSTRUCTURE,10.255362518902606,3.149514972792004e-05,6350.184130818804,0.04487713592173921
5.05,49.0,3.5,5_3C_54PER_4C_NEWSTRUCTURE,11.363707639128915,2.1956453998130896e-05,9108.938994294142,0.18129012649632373
5.05,49.0,3.75,5_3C_54PER_4C_NEWSTRUCTURE,11.009421924843199,2.3570830972680737e-05,8485.063603901182,0.1332721268764072
5.05,49.0,4.0,5_3C_54PER_4C_NEWSTRUCTURE,10.6994219248432,2.530390712407305e-05,7903.917723825685,0.09224224014906551
5.05,49.0,4.25,5_3C_54PER_4C_NEWSTRUCTURE,10.425892513078495,2.71644099644101e-05,7362.574790397925,0.05705854996638176
5.05,49.0,4.5,5_3C_54PER_4C_NEWSTRUCTURE,10.182755258176533,2.916170870752723e-05,6858.308681630028,0.02684083891425832
5.05,54.0,3.5,5_3C_54PER_4C_NEWSTRUCTURE,11.100624187926652,1.9683498161247223e-05,10160.795523316026,0.134953914334854
5.05,54.0,3.75,5_3C_54PER_4C_NEWSTRUCTURE,10.803481330783795,2.1302093051357466e-05,9388.748773081485,0.09549468043588828
5.05,54.0,4.0,5_3C_54PER_4C_NEWSTRUCTURE,10.543481330783795,2.3053786712673414e-05,8675.364376909652,0.06199962941551379
5.05,54.0,4.25,5_3C_54PER_4C_NEWSTRUCTURE,10.314069566077912,2.4949523998045263e-05,8016.184998786733,0.0335221756788535
5.05,54.0,4.5,5_3C_54PER_4C_NEWSTRUCTURE,10.110147997450461,2.7001149767159064e-05,7407.09198403306,0.009336335991180698
5.05,59.0,3.5,5_3C_54PER_4C_NEWSTRUCTURE,10.837540736724387,1.764584116801399e-05,11334.11539272682,0.08934149340207782
5.05,59.0,3.75,5_3C_54PER_4C_NEWSTRUCTURE,10.597540736724387,1.9251725528668742e-05,10388.679170714835,0.05838895246489457
5.05,59.0,4.0,5_3C_54PER_4C_NEWSTRUCTURE,10.387540736724388,2.1003755632971547e-05,9522.106593453289,0.03237250365839114
5.05,59.0,4.25,5_3C_54PER_4C_NEWSTRUCTURE,10.202246619077329,2.291523167794145e-05,8727.819243150967,0.010541316646282214
5.05,59.0,4.5,5_3C_54PER_4C_NEWSTRUCTURE,10.037540736724388,2.500066426355778e-05,7999.787441309311,-0.007675772886600232
5.05,64.0,3.5,5_3C_54PER_4C_NEWSTRUCTURE,10.574457285522126,1.58191246279491e-05,12642.924605742195,0.04437793604810815
5.05,64.0,3.75,5_3C_54PER_4C_NEWSTRUCTURE,10.391600142664982,1.7398709832768114e-05,11495.105207360093,0.02189028876578588
5.05,64.0,4.0,5_3C_54PER_4C_NEWSTRUCTURE,10.231600142664982,1.9136021174649966e-05,10451.493451781174,0.0033061315944385196
5.05,64.0,4.25,5_3C_54PER_4C_NEWSTRUCTURE,10.090423672076748,2.1046808063146667e-05,9502.628588617366,-0.011929321799757486
5.05,64.0,4.5,5_3C_54PER_4C_NEWSTRUCTURE,9.964933475998315,2.3148392531763508e-05,8639.908785267322,-0.024231968652606982
5.3,44.0,3.5,5_3C_54PER_4C_NEWSTRUCTURE,11.380200393525648,1.9679216551675974e-05,10163.00620885068,0.17675174173202723
5.3,44.0,3.75,5_3C_54PER_4C_NEWSTRUCTURE,10.968771822097077,2.095623181902443e-05,9543.70049573686,0.11915020911843321
5.3,44.0,4.0,5_3C_54PER_4C_NEWSTRUCTURE,10.608771822097076,2.231611461256524e-05,8962.133573529358,0.06949479331455458
5.3,44.0,4.25,5_3C_54PER_4C_NEWSTRUCTURE,10.291124763273547,2.376424233621269e-05,8416.005743858024,0.026444762769089667
5.3,44.0,4.5,5_3C_54PER_4C_NEWSTRUCTURE,10.008771822097078,2.530634134206603e-05,7903.157445661477,-0.011037924526948906
5.3,49.0,3.5,5_3C_54PER_4C_NEWSTRUCTURE,11.089095272231848,1.7811432834933554e-05,11228.742900893414,0.12747118117242653
5.3,49.0,3.75,5_3C_54PER_4C_NEWSTRUCTURE,10.734809557946132,1.912104171143545e-05,10459.68117314387,0.07851569935867272
5.3,49.0,4.0,5_3C_54PER_4C_NEWSTRUCTURE,10.424809557946134,2.0526941292077035e-05,9743.292834241982,0.03647940083401986
5.3,49.0,4.25,5_3C_54PER_4C_NEWSTRUCTURE,10.151280146181428,2.203621147672012e-05,9075.970259737593,0.00021530111137345147
5.3,49.0,4.5,5_3C_54PER_4C_NEWSTRUCTURE,9.908142891279466,2.365645272411632e-05,8454.352913026227,-0.03116225800409827
5.3,54.0,3.5,5_3C_54PER_4C_NEWSTRUCTURE,10.797990150938048,1.6120923249169198e-05,12406.237341915708,0.07873592486968334
5.3,54.0,3.75,5_3C_54PER_4C_NEWSTRUCTURE,10.50084729379519,1.7446563833033348e-05,11463.575401668479,0.038375548602232114
5.3,54.0,4.0,5_3C_54PER_4C_NEWSTRUCTURE,10.240847293795191,1.888121324538868e-05,10592.53965307794,0.0039052533224920977
5.3,54.0,4.25,5_3C_54PER_4C_NEWSTRUCTURE,10.011435529089308,2.0433835397595158e-05,9787.687730103662,-0.025627640041343464
5.3,54.0,4.5,5_3C_54PER_4C_NEWSTRUCTURE,9.807513960461858,2.2114131312932884e-05,9043.99079348123,-0.05095570927398821
5.3,59.0,3.5,5_3C_54PER_4C_NEWSTRUCTURE,10.506885029644245,1.4590862442907645e-05,13707.208931793912,0.030494217185611436
5.3,59.0,3.75,5_3C_54PER_4C_NEWSTRUCTURE,10.266885029644246,1.5918724208319127e-05,12563.820905665292,-0.0013135354164223404
5.3,59.0,4.0,5_3C_54PER_4C_NEWSTRUCTURE,10.056885029644246,1.7367429883742164e-05,11515.808691257314,-0.028263025616864546
5.3,59.0,4.25,5_3C_54PER_4C_NEWSTRUCTURE,9.871590911997187,1.8947977037573795e-05,10555.21650693372,-0.051112166754932006
5.3,59.0,4.5,5_3C_54PER_4C_NEWSTRUCTURE,9.706885029644246,2.0672364087245383e-05,9674.752203275955,-0.07043985074727582
5.3,64.0,3.5,5_3C_54PER_4C_NEWSTRUCTURE,10.215779908350445,1.3206021983810638e-05,15144.606017253456,-0.0173007853133647
5.3,64.0,3.75,5_3C_54PER_4C_NEWSTRUCTURE,10.032922765493304,1.4524681355346694e-05,13769.665241322338,-0.04059105374987471
5.3,64.0,4.0,5_3C_54PER_4C_NEWSTRUCTURE,9.872922765493303,1.5975012667174142e-05,12519.551888116186,-0.06005797611182468
5.3,64.0,4.25,5_3C_54PER_4C_NEWSTRUCTURE,9.731746294905069,1.7570163742176203e-05,11382.933189171772,-0.07626434134615041
5.3,64.0,4.5,5_3C_54PER_4C_NEWSTRUCTURE,9.606256098826636,1.9324595251259467e-05,10349.50524963596,-0.08963484838576212
5.55,44.0,3.5,5_3C_54PER_4C_NEWSTRUCTURE,11.155825074810707,1.5812243335984792e-05,12648.426649547506,0.13130110423063338
5.55,44.0,3.75,5_3C_54PER_4C_NEWSTRUCTURE,10.744396503382134,1.6838324638462343e-05,11877.666234273518,0.07292768595905116
5.55,44.0,4.0,5_3C_54PER_4C_NEWSTRUCTURE,10.384396503382135,1.793098996807145e-05,11153.87384389412,0.022450295624626908
5.55,44.0,4.25,5_3C_54PER_4C_NEWSTRUCTURE,10.066749444558607,1.9094560066899857e-05,10474.187375843087,-0.021475048669544448
5.55,44.0,4.5,5_3C_54PER_4C_NEWSTRUCTURE,9.784396503382135,2.0333636056774863e-05,9835.919136231565,-0.05988985019808364
5.55,49.0,3.5,5_3C_54PER_4C_NEWSTRUCTURE,10.83922275820839,1.444892420517246e-05,13841.860969026577,0.07975916255706411
5.55,49.0,3.75,5_3C_54PER_4C_NEWSTRUCTURE,10.484937043922676,1.5511300240293247e-05,12893.82559177508,0.030043179929704678
5.55,49.0,4.0,5_3C_54PER_4C_NEWSTRUCTURE,10.174937043922675,1.6651788861788803e-05,12010.721590335803,-0.01280953622475409
5.55,49.0,4.25,5_3C_54PER_4C_NEWSTRUCTURE,9.90140763215797,1.7876133399655732e-05,11188.101785135019,-0.049950081750393276
5.55,49.0,4.5,5_3C_54PER_4C_NEWSTRUCTURE,9.65827037725601,1.91904994697344e-05,10421.823585958395,-0.08226852849192753
5.55,54.0,3.5,5_3C_54PER_4C_NEWSTRUCTURE,10.522620441606074,1.3203149372973868e-05,15147.901031051666,0.028578793133488743
5.55,54.0,3.75,5_3C_54PER_4C_NEWSTRUCTURE,10.225477584463217,1.4288858322337985e-05,13996.919522068256,-0.012519625063293904
5.55,54.0,4.0,5_3C_54PER_4C_NEWSTRUCTURE,9.965477584463217,1.5463846267904438e-05,12933.392930522372,-0.04778865224148226
5.55,54.0,4.25,5_3C_54PER_4C_NEWSTRUCTURE,9.736065819757336,1.6735454716038895e-05,11950.676177822905,-0.07818595807328632
5.55,54.0,4.5,5_3C_54PER_4C_NEWSTRUCTURE,9.532144251129884,1.8111628872946793e-05,11042.629097747169,-0.10444952132618011
5.55,59.0,3.5,5_3C_54PER_4C_NEWSTRUCTURE,10.206018125003755,1.2064784262807327e-05,16577.171679443065,-0.02227117851389268
5.55,59.0,3.75,5_3C_54PER_4C_NEWSTRUCTURE,9.966018125003757,1.3162756763967294e-05,15194.385460916123,-0.05478608220283662
5.55,59.0,4.0,5_3C_54PER_4C_NEWSTRUCTURE,9.756018125003756,1.4360651782351178e-05,13926.944475166105,-0.08250707876009522
5.55,59.0,4.25,5_3C_54PER_4C_NEWSTRUCTURE,9.570724007356697,1.566756290585652e-05,12765.227189561192,-0.10619793826588651
5.55,59.0,4.5,5_3C_54PER_4C_NEWSTRUCTURE,9.406018125003756,1.7093411297017193e-05,11700.414652451502,-0.12644394237873724
5.55,64.0,3.5,5_3C_54PER_4C_NEWSTRUCTURE,9.889415808401441,1.1024568093278924e-05,18141.30025845902,-0.07281923902037112
5.55,64.0,3.75,5_3C_54PER_4C_NEWSTRUCTURE,9.706558665544298,1.2125403004137104e-05,16494.29713237254,-0.09677954659344348
5.55,64.0,4.0,5_3C_54PER_4C_NEWSTRUCTURE,9.546558665544298,1.3336159454842541e-05,14996.821287059318,-0.11698341343164106
5.55,64.0,4.25,5_3C_54PER_4C_NEWSTRUCTURE,9.405382194956063,1.4667813428081865e-05,13635.297515926635,-0.13400030917297356
5.55,64.0,4.5,5_3C_54PER_4C_NEWSTRUCTURE,9.27989199887763,1.613243689005955e-05,12397.383071322321,-0.1482622805276905
5.8,44.0,3.5,5_3C_54PER_4C_NEWSTRUCTURE,10.950792455984985,1.2705131764765424e-05,15741.670665285905,0.09108056665635238
5.8,44.0,3.75,5_3C_54PER_4C_NEWSTRUCTURE,10.539363884556412,1.3529587717809805e-05,14782.416446934894,0.03208693853954525
5.8,44.0,4.0,5_3C_54PER_4C_NEWSTRUCTURE,10.179363884556413,1.4407543912417656e-05,13881.616548648717,-0.019050908030971727
5.8,44.0,4.25,5_3C_54PER_4C_NEWSTRUCTURE,9.861716825732884,1.534247206328369e-05,13035.708924549594,-0.0636795666036122
5.8,44.0,4.5,5_3C_54PER_4C_NEWSTRUCTURE,9.579363884556413,1.633806917012135e-05,12241.348590061974,-0.10284332157867318
5.8,49.0,3.5,5_3C_54PER_4C_NEWSTRUCTURE,10.610890978152472,1.1721202478295567e-05,17063.0957335943,0.03722122654753218
5.8,49.0,3.75,5_3C_54PER_4C_NEWSTRUCTURE,10.256605263866756,1.2583019208656865e-05,15894.436516667163,-0.013111686717334153
5.8,49.0,4.0,5_3C_54PER_4C_NEWSTRUCTURE,9.946605263866758,1.3508202140404553e-05,14805.819303057177,-0.05662669414067317
5.8,49.0,4.25,5_3C_54PER_4C_NEWSTRUCTURE,9.673075852102052,1.4501410356307286e-05,13791.761979414052,-0.09447822676626921
5.8,49.0,4.5,5_3C_54PER_4C_NEWSTRUCTURE,9.42993859720009,1.556764550428312e-05,12847.157904833719,-0.12755993686345599
5.8,54.0,3.5,5_3C_54PER_4C_NEWSTRUCTURE,10.27098950031996,1.0813472074190563e-05,18495.4470338308,-0.01640372191772394
5.8,54.0,3.75,5_3C_54PER_4C_NEWSTRUCTURE,9.973846643177103,1.1702675329641068e-05,17090.109258472796,-0.058106601638568955
5.8,54.0,4.0,5_3C_54PER_4C_NEWSTRUCTURE,9.713846643177103,1.2664998710068866e-05,15791.553128307623,-0.0940297958518066
5.8,54.0,4.25,5_3C_54PER_4C_NEWSTRUCTURE,9.48443487847122,1.3706454960753516e-05,14591.66506384558,-0.12513506156643228
5.8,54.0,4.5,5_3C_54PER_4C_NEWSTRUCTURE,9.28051330984377,1.4833551261383679e-05,13482.947978928138,-0.15216480099273488
5.8,59.0,3.5,5_3C_54PER_4C_NEWSTRUCTURE,9.931088022487447,9.976039447814612e-06,20048.03620176269,-0.06981243083786551
5.8,59.0,3.75,5_3C_54PER_4C_NEWSTRUCTURE,9.691088022487447,1.0883922816931612e-05,18375.72751700052,-0.1029120583797119
5.8,59.0,4.0,5_3C_54PER_4C_NEWSTRUCTURE,9.481088022487446,1.187442937696831e-05,16842.914606736456,-0.13127099239877552
5.8,59.0,4.25,5_3C_54PER_4C_NEWSTRUCTURE,9.295793904840387,1.2955078366529568e-05,15437.961418798921,-0.15565784575389296
5.8,59.0,4.5,5_3C_54PER_4C_NEWSTRUCTURE,9.131088022487447,1.4134073323005652e-05,14150.202523321099,-0.17666318360602493
5.8,64.0,3.5,5_3C_54PER_4C_NEWSTRUCTURE,9.591186544654935,9.20346049645695e-06,21730.956532816526,-0.12302164655014189
5.8,64.0,3.75,5_3C_54PER_4C_NEWSTRUCTURE,9.408329401797793,1.0122452563037844e-05,19758.057521583298,-0.1475413119749005
5.8,64.0,4.0,5_3C_54PER_4C_NEWSTRUCTURE,9.248329401797793,1.1133208637163915e-05,17964.273060721895,-0.16836039015905202
5.8,64.0,4.25,5_3C_54PER_4C_NEWSTRUCTURE,9.107152931209558,1.224489161956842e-05,16333.341789680058,-0.18605392787304909
5.8,64.0,4.5,5_3C_54PER_4C_NEWSTRUCTURE,8.981662735131126,1.3467579353041939e-05,14850.478676023227,-0.20106010585233874
5.1,9.0,4.1,5_6C_19PER_4_6C_NEWSTRUCTURE,11.676707178476168,5.047049731863983e-05,3962.7111010482504,0.3158102785901217
5.1,9.0,4.35,5_6C_19PER_4_6C_NEWSTRUCTURE,11.079566724313006,5.079159587888334e-05,3937.6593024742942,0.227494835468983
5.1,9.0,4.6,5_6C_19PER_4_6C_NEWSTRUCTURE,10.547332841254534,5.1114737301608444e-05,3912.765878456477,0.14889254136738872
5.1,9.0,4.85,5_6C_19PER_4_6C_NEWSTRUCTURE,10.069968430676319,5.143993458371874e-05,3888.0298277693,0.07850237465563809
5.1,9.0,5.1,5_6C_19PER_4_6C_NEWSTRUCTURE,9.639404452507732,5.176720080480582e-05,3863.4501555168686,0.015117639764036128
5.1,14.0,4.1,5_6C_19PER_4_6C_NEWSTRUCTURE,11.533235155520645,4.621951513219891e-05,4327.176506026773,0.2812776067076894
5.1,14.0,4.35,5_6C_19PER_4_6C_NEWSTRUCTURE,10.97814684601686,4.689072652833484e-05,4265.235683203698,0.20032808333816604
5.1,14.0,4.6,5_6C_19PER_4_6C_NEWSTRUCTURE,10.483394222328704,4.7571685424785535e-05,4204.181504483697,0.12843182679940207
5.1,14.0,4.85,5_6C_19PER_4_6C_NEWSTRUCTURE,10.039647023763038,4.8262533377196644e-05,4144.001278111463,0.06419391947893839
5.1,14.0,5.1,5_6C_19PER_4_6C_NEWSTRUCTURE,9.639404452507732,4.896341399691993e-05,4084.682494006262,0.006493048724014072
5.1,19.0,4.1,5_6C_19PER_4_6C_NEWSTRUCTURE,11.389763132565122,4.232658072633264e-05,4725.163161492372,0.24784630803650087
5.1,19.0,4.35,5_6C_19PER_4_6C_NEWSTRUCTURE,10.876726967720714,4.3289449687663895e-05,4620.063351301821,0.17408289302834046
5.1,19.0,4.6,5_6C_19PER_4_6C_NEWSTRUCTURE,10.419455603402874,4.42742225358859e-05,4517.301231837388,0.10872655646805064
5.1,19.0,4.85,5_6C_19PER_4_6C_NEWSTRUCTURE,10.009325616849758,4.5281397552987054e-05,4416.824806830785,0.050489186615575096
5.1,19.0,5.1,5_6C_19PER_4_6C_NEWSTRUCTURE,9.639404452507732,4.631148435615645e-05,4318.583236544714,-0.0016644219346567818
5.1,24.0,4.1,5_6C_19PER_4_6C_NEWSTRUCTURE,11.246291109609597,3.876153678502513e-05,5159.754142598047,0.21542361713634095
5.1,24.0,4.35,5_6C_19PER_4_6C_NEWSTRUCTURE,10.775307089424569,3.9964756210983324e-05,5004.409358689769,0.14868848723472067
5.1,24.0,4.6,5_6C_19PER_4_6C_NEWSTRUCTURE,10.355516984477042,4.1205325471521854e-05,4853.741542175794,0.08972436625562968
5.1,24.0,4.85,5_6C_19PER_4_6C_NEWSTRUCTURE,9.979004209936477,4.2484403964597025e-05,4707.60988353899,0.037350884649408486
5.1,24.0,5.1,5_6C_19PER_4_6C_NEWSTRUCTURE,9.639404452507732,4.380318707771147e-05,4565.877812616213,-0.009380072130507427
5.1,29.0,4.1,5_6C_19PER_4_6C_NEWSTRUCTURE,11.102819086654073,3.549676605467295e-05,5634.316086483916,0.18392458192836142
5.1,29.0,4.35,5_6C_19PER_4_6C_NEWSTRUCTURE,10.673887211128422,3.689540408868897e-05,5420.729354779287,0.12407952445374068
5.1,29.0,4.6,5_6C_19PER_4_6C_NEWSTRUCTURE,10.29157836555121,3.8349151040153436e-05,5215.239309746134,0.07137652169794392
5.1,29.0,4.85,5_6C_19PER_4_6C_NEWSTRUCTURE,9.948682803023196,3.986017830202776e-05,5017.539020637689,0.02474402562349897
5.1,29.0,5.1,5_6C_19PER_4_6C_NEWSTRUCTURE,9.639404452507732,4.143074282415933e-05,4827.3331918966915,-0.016677831501722196
5.35,9.0,4.1,5_6C_19PER_4_6C_NEWSTRUCTURE,11.627229443456926,3.792857021793306e-05,5273.069848159943,0.2698312101018451
5.35,9.0,4.35,5_6C_19PER_4_6C_NEWSTRUCTURE,11.030088989293764,3.816987573176993e-05,5239.734114028934,0.18127031950547068
5.35,9.0,4.6,5_6C_19PER_4_6C_NEWSTRUCTURE,10.497855106235292,3.841271645641684e-05,5206.609124530947,0.10242101636624026
5.35,9.0,4.85,5_6C_19PER_4_6C_NEWSTRUCTURE,10.020490695657077,3.865710215904492e-05,5173.693547362923,0.03178226911963156
5.35,9.0,5.1,5_6C_19PER_4_6C_NEWSTRUCTURE,9.58992671748849,3.8903042668964794e-05,5140.9860586444975,-0.03185262780208031
5.35,14.0,4.1,5_6C_19PER_4_6C_NEWSTRUCTURE,11.45626978993516,3.506753535978534e-05,5703.280768039248,0.2354632748537264
5.35,14.0,4.35,5_6C_19PER_4_6C_NEWSTRUCTURE,10.901181480431376,3.5576794907415044e-05,5621.641874162062,0.15401557934871346
5.35,14.0,4.6,5_6C_19PER_4_6C_NEWSTRUCTURE,10.406428856743219,3.609345004997861e-05,5541.1715899438805,0.08161391609370726
5.35,14.0,4.85,5_6C_19PER_4_6C_NEWSTRUCTURE,9.962681658177553,3.6617608188161554e-05,5461.853187468969,0.01686326241385145
5.35,14.0,5.1,5_6C_19PER_4_6C_NEWSTRUCTURE,9.562439086922247,3.714937828234872e-05,5383.670178271292,-0.04135780093175417
5.35,19.0,4.1,5_6C_19PER_4_6C_NEWSTRUCTURE,11.28531013641339,3.2422314607271e-05,6168.591059046357,0.20175919478764914
5.35,19.0,4.35,5_6C_19PER_4_6C_NEWSTRUCTURE,10.772273971568982,3.315987572971803e-05,6031.38569125454,0.12730272139037646
5.35,19.0,4.6,5_6C_19PER_4_6C_NEWSTRUCTURE,10.315002607251142,3.391421530909937e-05,5897.232124558073,0.0612375603573498
5.35,19.0,4.85,5_6C_19PER_4_6C_NEWSTRUCTURE,9.904872620698026,3.468571503122839e-05,5766.062479033088,0.00227524129273933
5.35,19.0,5.1,5_6C_19PER_4_6C_NEWSTRUCTURE,9.534951456356,3.5474765264723355e-05,5637.810384580135,-0.05061980802370374
5.35,24.0,4.1,5_6C_19PER_4_6C_NEWSTRUCTURE,11.114350482891622,2.9976628631231348e-05,6671.864353405929,0.16866889385788744
5.35,24.0,4.35,5_6C_19PER_4_6C_NEWSTRUCTURE,10.643366462706592,3.090715060960054e-05,6470.994448057432,0.10109493271685238
5.35,24.0,4.6,5_6C_19PER_4_6C_NEWSTRUCTURE,10.223576357759065,3.1866557462345656e-05,6276.172135516212,0.04126594184957095
5.35,24.0,4.85,5_6C_19PER_4_6C_NEWSTRUCTURE,9.8470635832185,3.2855745821665884e-05,6087.215340828304,-0.011999256574470242
5.35,24.0,5.1,5_6C_19PER_4_6C_NEWSTRUCTURE,9.507463825789756,3.387564015264204e-05,5903.947470772786,-0.059649610473005155
5.35,29.0,4.1,5_6C_19PER_4_6C_NEWSTRUCTURE,10.94339082936985,2.771542608784753e-05,7216.197916859544,0.13614607336417012
5.35,29.0,4.35,5_6C_19PER_4_6C_NEWSTRUCTURE,10.5144589538442,2.880746497938251e-05,6942.644906212328,0.0753579013097664
5.35,29.0,4.6,5_6C_19PER_4_6C_NEWSTRUCTURE,10.132150108266988,2.9942532216822942e-05,6679.461795406596,0.021674623520761646
5.35,29.0,4.85,5_6C_19PER_4_6C_NEWSTRUCTURE,9.789254545738974,3.1122323196336336e-05,6426.255480296009,-0.0259767722307006
5.35,29.0,5.1,5_6C_19PER_4_6C_NEWSTRUCTURE,9.479976195223509,3.234860011582497e-05,6182.647758601455,-0.06845767555893315
5.6,9.0,4.1,5_6C_19PER_4_6C_NEWSTRUCTURE,11.582169363350118,2.8503314118234016e-05,7016.727920493178,0.23409984660744237
5.6,9.0,4.35,5_6C_19PER_4_6C_NEWSTRUCTURE,10.985028909186955,2.8684655171161554e-05,6972.3689828794695,0.14535450227484786
5.6,9.0,4.6,5_6C_19PER_4_6C_NEWSTRUCTURE,10.452795026128484,2.886714993475367e-05,6928.2904773088285,0.06631957188551768
5.6,9.0,4.85,5_6C_19PER_4_6C_NEWSTRUCTURE,9.97543061555027,2.9050805749037964e-05,6884.490630922453,-0.004505983591088489
5.6,9.0,5.1,5_6C_19PER_4_6C_NEWSTRUCTURE,9.54486663738168,2.923563000073971e-05,6840.967682069436,-0.0683288772362124
5.6,14.0,4.1,5_6C_19PER_4_6C_NEWSTRUCTURE,11.386176331991233,2.6606337878977447e-05,7517.0059445883635,0.198953629428619
5.6,14.0,4.35,5_6C_19PER_4_6C_NEWSTRUCTURE,10.83108802248745,2.699272179370986e-05,7409.4047102210425,0.11712796221778937
5.6,14.0,4.6,5_6C_19PER_4_6C_NEWSTRUCTURE,10.336335398799292,2.7384716872603296e-05,7303.343720164132,0.04434283825701407
5.6,14.0,4.85,5_6C_19PER_4_6C_NEWSTRUCTURE,9.892588200233627,2.77824046023918e-05,7198.800926784498,-0.02079684484119793
5.6,14.0,5.1,5_6C_19PER_4_6C_NEWSTRUCTURE,9.49234562897832,2.8185867653179927e-05,7095.754598047154,-0.0794125871879882
5.6,19.0,4.1,5_6C_19PER_4_6C_NEWSTRUCTURE,11.190183300632349,2.4835610778237792e-05,8052.952745388087,0.1641957610307375
5.6,19.0,4.35,5_6C_19PER_4_6C_NEWSTRUCTURE,10.67714713578794,2.54005852775645e-05,7873.834315804267,0.08920840238954947
5.6,19.0,4.6,5_6C_19PER_4_6C_NEWSTRUCTURE,10.2198757714701,2.5978412135858316e-05,7698.69994186202,0.022600279235273208
5.6,19.0,4.85,5_6C_19PER_4_6C_NEWSTRUCTURE,9.809745784916984,2.656938372583911e-05,7527.461007892973,-0.036917353559546125
5.6,19.0,5.1,5_6C_19PER_4_6C_NEWSTRUCTURE,9.439824620574958,2.717379907128648e-05,7360.030869269671,-0.09038034919653398
5.6,24.0,4.1,5_6C_19PER_4_6C_NEWSTRUCTURE,10.994190269273464,2.318273057847169e-05,8627.111432064312,0.12980039570312235
5.6,24.0,4.35,5_6C_19PER_4_6C_NEWSTRUCTURE,10.523206249088433,2.390235921274061e-05,8367.374877932323,0.061577715893174303
5.6,24.0,4.6,5_6C_19PER_4_6C_NEWSTRUCTURE,10.103416144140908,2.4644326258332857e-05,8115.45821555479,0.0010798691031674093
5.6,24.0,4.85,5_6C_19PER_4_6C_NEWSTRUCTURE,9.726903369600343,2.5409325134877233e-05,7871.126011350727,-0.05287494758962999
5.6,24.0,5.1,5_6C_19PER_4_6C_NEWSTRUCTURE,9.387303612171598,2.6198070786844867e-05,7634.1499199409855,-0.10123632659901981
5.6,29.0,4.1,5_6C_19PER_4_6C_NEWSTRUCTURE,10.798197237914577,2.1639854234828775e-05,9242.206432153562,0.09574340784030544
5.6,29.0,4.35,5_6C_19PER_4_6C_NEWSTRUCTURE,10.369265362388926,2.249250439278333e-05,8891.85110325774,0.034218863847452964
5.6,29.0,4.6,5_6C_19PER_4_6C_NEWSTRUCTURE,9.986956516811714,2.3378750539138294e-05,8554.77711117113,-0.020229800292150373
5.6,29.0,4.85,5_6C_19PER_4_6C_NEWSTRUCTURE,9.644060954283699,2.4299916417783407e-05,8230.480984438038,-0.06867674002769891
5.6,29.0,5.1,5_6C_19PER_4_6C_NEWSTRUCTURE,9.334782603768236,2.5257377930558212e-05,7918.478337295079,-0.1119845332398707
5.85,9.0,4.1,5_6C_19PER_4_6C_NEWSTRUCTURE,11.540960572141326,2.142023574984616e-05,9336.965397378337,0.20614910655851587
5.85,9.0,4.35,5_6C_19PER_4_6C_NEWSTRUCTURE,10.943820117978165,2.1556513520519403e-05,9277.93818836345,0.11726514527427923
5.85,9.0,4.6,5_6C_19PER_4_6C_NEWSTRUCTURE,10.411586234919692,2.169365830456246e-05,9219.284142496952,0.0380907160378239
5.85,9.0,4.85,5_6C_19PER_4_6C_NEWSTRUCTURE,9.934221824341478,2.1831675618004682e-05,9161.000900684834,-0.0328752257921011
5.85,9.0,5.1,5_6C_19PER_4_6C_NEWSTRUCTURE,9.50365784617289,2.1970571011969023e-05,9103.08611874698,-0.0968393989431438
5.85,14.0,4.1,5_6C_19PER_4_6C_NEWSTRUCTURE,11.32207376788867,2.0186682869709515e-05,9907.521770211373,0.16961981887531244
5.85,14.0,4.35,5_6C_19PER_4_6C_NEWSTRUCTURE,10.766985458384886,2.047983894357953e-05,9765.701798289796,0.0875073780771612
5.85,14.0,4.6,5_6C_19PER_4_6C_NEWSTRUCTURE,10.272232834696728,2.0777252303512878e-05,9625.911890485411,0.014431315931072133
5.85,14.0,4.85,5_6C_19PER_4_6C_NEWSTRUCTURE,9.828485636131063,2.107898477488612e-05,9488.122987701172,-0.05100353042978298
5.85,14.0,5.1,5_6C_19PER_4_6C_NEWSTRUCTURE,9.428243064875756,2.138509908091922e-05,9352.30644680292,-0.10991872247417869
5.85,19.0,4.1,5_6C_19PER_4_6C_NEWSTRUCTURE,11.103186963636011,1.9024168082984315e-05,10512.943279705616,0.13330904798597246
5.85,19.0,4.35,5_6C_19PER_4_6C_NEWSTRUCTURE,10.590150798791603,1.945694060199997e-05,10279.108318778653,0.05791502931925858
5.85,19.0,4.6,5_6C_19PER_4_6C_NEWSTRUCTURE,10.132879434473763,1.989955807467661e-05,10050.474450209631,-0.009109004792456016
5.85,19.0,4.85,5_6C_19PER_4_6C_NEWSTRUCTURE,9.722749447920647,2.0352244459579798e-05,9826.9259882961,-0.0690520099220497
5.85,19.0,5.1,5_6C_19PER_4_6C_NEWSTRUCTURE,9.35282828357862,2.0815228810011048e-05,9608.349820483854,-0.12295005450390263
5.85,24.0,4.1,5_6C_19PER_4_6C_NEWSTRUCTURE,10.884300159383354,1.7928600433541515e-05,11155.360438834496,0.09720420990105884
5.85,24.0,4.35,5_6C_19PER_4_6C_NEWSTRUCTURE,10.413316139198324,1.8485132555617067e-05,10819.5058595469,0.028479836911812887
5.85,24.0,4.6,5_6C_19PER_4_6C_NEWSTRUCTURE,9.993526034250799,1.9058940315244478e-05,10493.762858369837,-0.03253527640749991
5.85,24.0,4.85,5_6C_19PER_4_6C_NEWSTRUCTURE,9.617013259710234,1.9650559975544927e-05,10177.827005891919,-0.0870234164010339
5.85,24.0,5.1,5_6C_19PER_4_6C_NEWSTRUCTURE,9.277413502281487,2.0260544446095296e-05,9871.403038161934,-0.1359346739101797
5.85,29.0,4.1,5_6C_19PER_4_6C_NEWSTRUCTURE,10.665413355130694,1.6896124556063196e-05,11837.03395038182,0.06129344532046875
5.85,29.0,4.35,5_6C_19PER_4_6C_NEWSTRUCTURE,10.236481479605043,1.756186301784822e-05,11388.313403694065,-0.0008060485706873444
5.85,29.0,4.6,5_6C_19PER_4_6C_NEWSTRUCTURE,9.854172634027831,1.8253832802563537e-05,10956.603041302775,-0.05585231669472086
5.85,29.0,4.85,5_6C_19PER_4_6C_NEWSTRUCTURE,9.511277071499817,1.8973067472699736e-05,10541.258037888661,-0.10492040711359088
5.85,29.0,5.1,5_6C_19PER_4_6C_NEWSTRUCTURE,9.201998720984353,1.9720641315015342e-05,10141.658012293929,-0.1488738254913291
5.1,26.0,3.8,5_6C_36PER_4_3C_NEWSTRUCTURE,11.812779065510828,3.5933637780513165e-05,5565.815552035762,0.29144389202762844
5.1,26.0,4.05,5_6C_36PER_4_3C_NEWSTRUCTURE,11.286463276037145,3.716894954078444e-05,5380.835414262801,0.21653253920948726
5.1,26.0,4.3,5_6C_36PER_4_3C_NEWSTRUCTURE,10.821346996967376,3.8446728338609446e-05,5202.003099940069,0.15090428631517022
5.1,26.0,4.55,5_6C_36PER_4_3C_NEWSTRUCTURE,10.407342396916265,3.9768434088267647e-05,5029.114285870344,0.09305497535386174
5.1,26.0,4.8,5_6C_36PER_4_3C_NEWSTRUCTURE,10.036463276037145,4.1135576892369e-05,4861.971439547302,0.041794904541920086
5.1,31.0,3.8,5_6C_36PER_4_3C_NEWSTRUCTURE,11.611540675417949,3.258968961211098e-05,6136.9102430995845,0.251062265030343
5.1,31.0,4.05,5_6C_36PER_4_3C_NEWSTRUCTURE,11.13395782941405,3.3983384397202765e-05,5885.2290184629865,0.18392618375284775
5.1,31.0,4.3,5_6C_36PER_4_3C_NEWSTRUCTURE,10.711907872480372,3.5436680399032374e-05,5643.869508879313,0.12527845715961394
5.1,31.0,4.55,5_6C_36PER_4_3C_NEWSTRUCTURE,10.336237031693251,3.695212645761465e-05,5412.408409822012,0.0737579665509945
5.1,31.0,4.8,5_6C_36PER_4_3C_NEWSTRUCTURE,9.999698570154791,3.853238041385022e-05,5190.43977693398,0.028289128324070878
5.1,36.0,3.8,5_6C_36PER_4_3C_NEWSTRUCTURE,11.41030228532507,2.9556925894925877e-05,6766.60356056631,0.2116378572560786
5.1,36.0,4.05,5_6C_36PER_4_3C_NEWSTRUCTURE,10.981452382790955,3.1070838141950645e-05,6436.903925355259,0.15215964830371392
5.1,36.0,4.3,5_6C_36PER_4_3C_NEWSTRUCTURE,10.602468747993367,3.266229330733695e-05,6123.268752689632,0.10037753277620605
5.1,36.0,4.55,5_6C_36PER_4_3C_NEWSTRUCTURE,10.26513166647024,3.4335263156423365e-05,5824.915309046771,0.05507445866482369
5.1,36.0,4.8,5_6C_36PER_4_3C_NEWSTRUCTURE,9.962933864272436,3.609392288924258e-05,5541.098999233689,0.01529009751990569
5.1,41.0,3.8,5_6C_36PER_4_3C_NEWSTRUCTURE,11.209063895232191,2.6806388117102124e-05,7460.908165856281,0.1730815908472816
5.1,41.0,4.05,5_6C_36PER_4_3C_NEWSTRUCTURE,10.828946936167863,2.8407911688829774e-05,7040.292232344614,0.12116095608104069
5.1,41.0,4.3,5_6C_36PER_4_3C_NEWSTRUCTURE,10.493029623506365,3.0105116847334228e-05,6643.388930002103,0.07614475936013526
5.1,41.0,4.55,5_6C_36PER_4_3C_NEWSTRUCTURE,10.194026301247227,3.190372000304475e-05,6268.861436249845,0.036961004993140714
5.1,41.0,4.8,5_6C_36PER_4_3C_NEWSTRUCTURE,9.926169158390085,3.380977908819545e-05,5915.448293178267,0.002765743589827563
5.1,46.0,3.8,5_6C_36PER_4_3C_NEWSTRUCTURE,11.007825505139312,2.4311812616753772e-05,8226.453664840106,0.1353126774421756
5.1,46.0,4.05,5_6C_36PER_4_3C_NEWSTRUCTURE,10.67644148954477,2.5973211370528207e-05,7700.241496780792,0.09086429907442757
5.1,46.0,4.3,5_6C_36PER_4_3C_NEWSTRUCTURE,10.383590499019359,2.7748145295972332e-05,7207.688941611178,0.052527826441057385
5.1,46.0,4.55,5_6C_36PER_4_3C_NEWSTRUCTURE,10.122920936024215,2.964437305739026e-05,6746.642933308403,0.01937723562772747
5.1,46.0,4.8,5_6C_36PER_4_3C_NEWSTRUCTURE,9.889404452507733,3.167018352369971e-05,6315.088128565288,-0.009313972601637265
5.35,26.0,3.8,5_6C_36PER_4_3C_NEWSTRUCTURE,11.669843386566352,2.7896092502612963e-05,7169.462890950282,0.24534377016510966
5.35,26.0,4.05,5_6C_36PER_4_3C_NEWSTRUCTURE,11.143527597092671,2.8855092850548265e-05,6931.185459560907,0.16958246936790486
5.35,26.0,4.3,5_6C_36PER_4_3C_NEWSTRUCTURE,10.678411318022903,2.984706131641103e-05,6700.827189644715,0.10307504933389866
5.35,26.0,4.55,5_6C_36PER_4_3C_NEWSTRUCTURE,10.26440671797179,3.087313126454457e-05,6478.124887503222,0.04431634758803812
5.35,26.0,4.8,5_6C_36PER_4_3C_NEWSTRUCTURE,9.89352759709267,3.193447502162377e-05,6262.824106692662,-0.007884376669299822
5.35,31.0,3.8,5_6C_36PER_4_3C_NEWSTRUCTURE,11.441117365907228,2.5543087081991963e-05,7829.907143095529,0.20389952138803386
5.35,31.0,4.05,5_6C_36PER_4_3C_NEWSTRUCTURE,10.96353451990333,2.663543462150601e-05,7508.794312615264,0.13583648063315065
5.35,31.0,4.3,5_6C_36PER_4_3C_NEWSTRUCTURE,10.541484562969652,2.777449629323329e-05,7200.850661285478,0.07622215323409047
5.35,31.0,4.55,5_6C_36PER_4_3C_NEWSTRUCTURE,10.16581372218253,2.896226982232034e-05,6905.536107044555,0.023693725233798663
5.35,31.0,4.8,5_6C_36PER_4_3C_NEWSTRUCTURE,9.82927526064407,3.020083836642788e-05,6622.33271717138,-0.02282615472556239
5.35,36.0,3.8,5_6C_36PER_4_3C_NEWSTRUCTURE,11.212391345248104,2.3388555139652946e-05,8551.19090537235,0.16306578713997227
5.35,36.0,4.05,5_6C_36PER_4_3C_NEWSTRUCTURE,10.78354144271399,2.4586522079517013e-05,8134.538075501929,0.10261571432919613
5.35,36.0,4.3,5_6C_36PER_4_3C_NEWSTRUCTURE,10.404557807916403,2.5845849149600296e-05,7738.1864624514765,0.049811955862634295
5.35,36.0,4.55,5_6C_36PER_4_3C_NEWSTRUCTURE,10.067220726393273,2.7169679229272094e-05,7361.14689880195,0.0034349100360914937
5.35,36.0,4.8,5_6C_36PER_4_3C_NEWSTRUCTURE,9.765022924195472,2.85613161768746e-05,7002.478413860183,-0.03747843189151663
5.35,41.0,3.8,5_6C_36PER_4_3C_NEWSTRUCTURE,10.98366532458898,2.141575565101698e-05,9338.918656858252,0.12279107117656778
5.35,41.0,4.05,5_6C_36PER_4_3C_NEWSTRUCTURE,10.603548365524652,2.2695220729700284e-05,8812.428060603455,0.06987976808074453
5.35,41.0,4.3,5_6C_36PER_4_3C_NEWSTRUCTURE,10.267631052863154,2.4051126299872495e-05,8315.61888230824,0.023813716441050552
5.35,41.0,4.55,5_6C_36PER_4_3C_NEWSTRUCTURE,9.968627730604016,2.5488039230013586e-05,7846.817803249803,-0.01648261548353005
5.35,41.0,4.8,5_6C_36PER_4_3C_NEWSTRUCTURE,9.700770587746874,2.7010799232057452e-05,7404.4458396711325,-0.05185692439092375
5.35,46.0,3.8,5_6C_36PER_4_3C_NEWSTRUCTURE,10.754939303929856,1.9609359678935237e-05,10199.211156029944,0.08302822090632699
5.35,46.0,4.05,5_6C_36PER_4_3C_NEWSTRUCTURE,10.423555288335315,2.094940643918572e-05,9546.809862159216,0.037591347437509234
5.35,46.0,4.3,5_6C_36PER_4_3C_NEWSTRUCTURE,10.130704297809904,2.2381028108003336e-05,8936.139976897713,-0.00180117118484374
5.35,46.0,4.55,5_6C_36PER_4_3C_NEWSTRUCTURE,9.87003473481476,2.39104826490112e-05,8364.53211488271,-0.03607997510680648
5.35,46.0,4.8,5_6C_36PER_4_3C_NEWSTRUCTURE,9.636518251298277,2.554445567691445e-05,7829.487640276791,-0.06597649525607863
5.6,26.0,3.8,5_6C_36PER_4_3C_NEWSTRUCTURE,11.539669821813348,2.1656365037896456e-05,9235.160178082526,0.20668241882763447
5.6,26.0,4.05,5_6C_36PER_4_3C_NEWSTRUCTURE,11.013354032339667,2.2400858611840954e-05,8928.22920163789,0.13026128426711295
5.6,26.0,4.3,5_6C_36PER_4_3C_NEWSTRUCTURE,10.548237753269898,2.317094607842047e-05,8631.499090417534,0.06307134697716305
5.6,26.0,4.55,5_6C_36PER_4_3C_NEWSTRUCTURE,10.134233153218785,2.396750729390666e-05,8344.630818193042,0.0036066646789902276
5.6,26.0,4.8,5_6C_36PER_4_3C_NEWSTRUCTURE,9.763354032339665,2.4791452361906658e-05,8067.296626288434,-0.04932431003854204
5.6,31.0,3.8,5_6C_36PER_4_3C_NEWSTRUCTURE,11.285910423317109,2.002011389012303e-05,9989.953158991293,0.16369916735426454
5.6,31.0,4.05,5_6C_36PER_4_3C_NEWSTRUCTURE,10.808327577313209,2.0876272038841298e-05,9580.254541035416,0.09490959600230567
5.6,31.0,4.3,5_6C_36PER_4_3C_NEWSTRUCTURE,10.386277620379532,2.17690437043277e-05,9187.358099714775,0.03453766799855723
5.6,31.0,4.55,5_6C_36PER_4_3C_NEWSTRUCTURE,10.010606779592411,2.2699994659929373e-05,8810.574759871872,-0.01878075931977386
5.6,31.0,4.8,5_6C_36PER_4_3C_NEWSTRUCTURE,9.67406831805395,2.367075763913236e-05,8449.243706055322,-0.06612442283823017
5.6,36.0,3.8,5_6C_36PER_4_3C_NEWSTRUCTURE,11.032151024820868,1.8507490036861256e-05,10806.435643172641,0.1210961997361249
5.6,36.0,4.05,5_6C_36PER_4_3C_NEWSTRUCTURE,10.603301122286755,1.945544774829911e-05,10279.897054411662,0.05987708580376912
5.6,36.0,4.3,5_6C_36PER_4_3C_NEWSTRUCTURE,10.224317487489166,2.0451960062272765e-05,9779.013815352357,0.006264895760186444
5.6,36.0,4.55,5_6C_36PER_4_3C_NEWSTRUCTURE,9.886980405966039,2.1499513956206318e-05,9302.535880922345,-0.04096198968661103
5.6,36.0,4.8,5_6C_36PER_4_3C_NEWSTRUCTURE,9.584782603768236,2.2600723791054778e-05,8849.274113918367,-0.08276870020679321
5.6,41.0,3.8,5_6C_36PER_4_3C_NEWSTRUCTURE,10.778391626324627,1.7109152792257797e-05,11689.649536036854,0.07884478354773616
5.6,41.0,4.05,5_6C_36PER_4_3C_NEWSTRUCTURE,10.3982746672603,1.813132375275394e-05,11030.634206706627,0.02514203063835146
5.6,41.0,4.3,5_6C_36PER_4_3C_NEWSTRUCTURE,10.062357354598802,1.921456339883424e-05,10408.771505686886,-0.02176275527287398
5.6,41.0,4.55,5_6C_36PER_4_3C_NEWSTRUCTURE,9.763354032339665,2.0362520224246906e-05,9821.966917525646,-0.06294793089441153
5.6,41.0,4.8,5_6C_36PER_4_3C_NEWSTRUCTURE,9.49549688948252,2.1579060698720936e-05,9268.244007110778,-0.09926418666678485
5.6,46.0,3.8,5_6C_36PER_4_3C_NEWSTRUCTURE,10.524632227828388,1.5816467207914655e-05,12645.048819746473,0.03691835724798036
5.6,46.0,4.05,5_6C_36PER_4_3C_NEWSTRUCTURE,10.193248212233847,1.6897318698610827e-05,11836.197420863142,-0.009315814072844826
5.6,46.0,4.3,5_6C_36PER_4_3C_NEWSTRUCTURE,9.900397221708436,1.80520324449917e-05,11079.084895811131,-0.04956011556971665
5.6,46.0,4.55,5_6C_36PER_4_3C_NEWSTRUCTURE,9.639727658713293,1.928565597936104e-05,10370.401723126988,-0.08474891073710478
5.6,46.0,4.8,5_6C_36PER_4_3C_NEWSTRUCTURE,9.406211175196809,2.060358176773902e-05,9707.050077727697,-0.11561760829393404
5.85,26.0,3.8,5_6C_36PER_4_3C_NEWSTRUCTURE,11.420622202765731,1.6812324041823862e-05,11896.03528354925,0.17397817031636445
5.85,26.0,4.05,5_6C_36PER_4_3C_NEWSTRUCTURE,10.894306413292046,1.739029117482645e-05,11500.669999678483,0.09704479194100069
5.85,26.0,4.3,5_6C_36PER_4_3C_NEWSTRUCTURE,10.429190134222278,1.798812742324703e-05,11118.44469933703,0.029325001129881463
5.85,26.0,4.55,5_6C_36PER_4_3C_NEWSTRUCTURE,10.015185534171167,1.860651583933013e-05,10748.922674563471,-0.03068774977500026
5.85,26.0,4.8,5_6C_36PER_4_3C_NEWSTRUCTURE,9.644306413292046,1.9246162957008386e-05,10391.68173140564,-0.08418563437546968
5.85,31.0,3.8,5_6C_36PER_4_3C_NEWSTRUCTURE,11.143969031375716,1.5691328103252998e-05,12745.893698987637,0.12915607556209624
5.85,31.0,4.05,5_6C_36PER_4_3C_NEWSTRUCTURE,10.666386185371817,1.6362366164951533e-05,12223.171024518655,0.05979706539283926
5.85,31.0,4.3,5_6C_36PER_4_3C_NEWSTRUCTURE,10.24433622843814,1.706210110159173e-05,11721.885763608678,-0.0011686534217224707
5.85,31.0,4.55,5_6C_36PER_4_3C_NEWSTRUCTURE,9.86866538765102,1.779176013213246e-05,11241.158745097622,-0.05510626495492533
5.85,31.0,4.8,5_6C_36PER_4_3C_NEWSTRUCTURE,9.532126926112557,1.8552622957427394e-05,10780.146853571,-0.1030955920386726
5.85,36.0,3.8,5_6C_36PER_4_3C_NEWSTRUCTURE,10.867315859985702,1.4645076851446784e-05,13656.466403605253,0.08456389927165218
5.85,36.0,4.05,5_6C_36PER_4_3C_NEWSTRUCTURE,10.438465957451589,1.5395200909775545e-05,12991.061381537756,0.0227362389451053
5.85,36.0,4.3,5_6C_36PER_4_3C_NEWSTRUCTURE,10.059482322654002,1.6183746487403278e-05,12358.077912037937,-0.0315156673728625
5.85,36.0,4.55,5_6C_36PER_4_3C_NEWSTRUCTURE,9.722145241130873,1.701268154300153e-05,11755.936269921749,-0.07941503550236048
5.85,36.0,4.8,5_6C_36PER_4_3C_NEWSTRUCTURE,9.419947438933072,1.7884074834517815e-05,11183.133701385697,-0.12192867341620042
5.85,41.0,3.8,5_6C_36PER_4_3C_NEWSTRUCTURE,10.590662688595689,1.3668586532220875e-05,14632.090855081558,0.04018631116329967
5.85,41.0,4.05,5_6C_36PER_4_3C_NEWSTRUCTURE,10.210545729531361,1.4485203952961154e-05,13807.19254278189,-0.014148734904836285
5.85,41.0,4.3,5_6C_36PER_4_3C_NEWSTRUCTURE,9.874628416869864,1.5350609447748775e-05,13028.798672832549,-0.061723589761448566
5.85,41.0,4.55,5_6C_36PER_4_3C_NEWSTRUCTURE,9.575625094610727,1.626771781623018e-05,12294.287512195564,-0.10361886699543843
5.85,41.0,4.8,5_6C_36PER_4_3C_NEWSTRUCTURE,9.307767951753583,1.7239618000137676e-05,11601.185130575563,-0.14068764876305295
5.85,46.0,3.8,5_6C_36PER_4_3C_NEWSTRUCTURE,10.314009517205676,1.2757205693348908e-05,15677.414381134573,-0.003990996866945016
5.85,46.0,4.05,5_6C_36PER_4_3C_NEWSTRUCTURE,9.982625501611135,1.36289961260363e-05,14674.595116945397,-0.050868250651332964
5.85,46.0,4.3,5_6C_36PER_4_3C_NEWSTRUCTURE,9.689774511085727,1.4560362188120434e-05,13735.922047541977,-0.09179958100195956
5.85,46.0,4.55,5_6C_36PER_4_3C_NEWSTRUCTURE,9.429104948090583,1.555537510530529e-05,12857.292006528878,-0.1277223545821269
5.85,46.0,4.8,5_6C_36PER_4_3C_NEWSTRUCTURE,9.195588464574097,1.6618384319050158e-05,12034.864290070242,-0.15937518850743862
